nces_district_id,epa_high_priority,epa_rural_indicator
0900450,Yes,No
0901920,Yes,No
0902160,No,No
0902670,Yes,No
0902790,Yes,No
0902820,Yes,No
0903120,Yes,No
0904830,Yes,No
0905190,Yes,No
2502790,Yes,No
2503540,Yes,No
2503660,Yes,No
2504830,Yes,No
2504890,Yes,No
2505340,Yes,No
2506270,Yes,No
2506660,Yes,No
2508430,Yes,No
2509180,Yes,No
2510050,Yes,No
2511010,Yes,No
2511130,Yes,No
2500043,No,No
2512510,Yes,No
2513230,Yes,No
2382001,Yes,No
5900137,Not in SIAPE,Yes
2300001,Yes,No
5900160,Not in SIAPE,No
2300002,Yes,No
5900042,Not in SIAPE,Yes
2382002,Yes,No
2382009,Yes,No
2300003,Yes,No
2314760,Yes,No
2382008,Yes,No
2302280,No,Yes
2314823,Yes,No
2302730,Yes,No
2302880,No,Yes
2302950,Yes,Yes
2302960,No,Yes
2302980,Yes,Yes
2303390,No,Yes
2303480,No,Yes
2300004,Yes,Yes
2314811,Yes,Yes
2303600,No,Yes
2303610,No,Yes
2314834,Yes,No
2314835,Yes,Yes
2300061,Yes,Yes
2303980,No,Yes
2303990,Yes,Yes
2304110,Yes,Yes
2304160,No,Yes
2314814,Yes,Yes
2304500,No,Yes
2304650,Yes,Yes
2300065,No,Yes
2304830,No,Yes
2304880,No,Yes
2304895,No,Yes
2304897,Yes,No
2304900,Yes,Yes
2305160,Yes,Yes
2314839,No,Yes
2300062,Yes,Yes
2305280,Yes,No
2305380,No,Yes
2305360,Yes,Yes
2312100,Not in SIAPE,Yes
2314818,No,Yes
2307590,No,Yes
2305980,Yes,Yes
2300005,Yes,Yes
2306150,Yes,No
2306160,No,Yes
2306180,Yes,No
2306250,No,Yes
2306330,No,Yes
2306600,No,Yes
2300066,Not in SIAPE,No
2300064,Not in SIAPE,No
2306780,No,Yes
2306870,No,Yes
2306900,Yes,Yes
2307100,Yes,Yes
2307110,No,Yes
2300059,Yes,Yes
2307200,No,Yes
2307320,Yes,No
2314842,Yes,No
2307440,No,Yes
2309100,Not in SIAPE,Yes
2300063,Yes,No
2307710,Yes,Yes
2300067,Yes,Yes
2307770,No,Yes
2307800,No,Yes
2307980,No,Yes
2308140,Yes,No
2308160,Yes,No
2308280,Yes,No
2308340,Yes,Yes
2308400,No,Yes
2314836,Yes,Yes
2310560,Yes,No
2311100,No,Yes
2314530,Yes,No
2311910,Yes,Yes
2308580,No,Yes
2308700,Yes,No
2308760,No,Yes
2308940,No,Yes
2309090,No,Yes
2309240,Yes,Yes
2309560,No,Yes
2309650,No,Yes
2300069,Not in SIAPE,No
2309810,No,Yes
2314810,Not in SIAPE,Yes
2309990,Yes,Yes
2310140,Yes,Yes
2310320,No,Yes
2311850,No,Yes
2314795,Yes,No
2314791,Yes,No
2311160,Yes,No
2311220,Yes,Yes
2311280,Yes,Yes
2311310,No,Yes
2311430,No,Yes
2311580,Yes,Yes
2311610,No,Yes
2311670,No,Yes
2314806,Yes,Yes
2314300,No,Yes
2314410,No,Yes
2314777,Not in SIAPE,Yes
2314761,No,Yes
2314803,No,Yes
2311730,Yes,Yes
2310620,No,Yes
2310650,Yes,Yes
2310680,Yes,Yes
2310830,Yes,Yes
2311010,Yes,Yes
2314838,Yes,Yes
2312140,No,Yes
2312180,Yes,Yes
2312300,No,Yes
2300052,No,Yes
2312960,No,Yes
2313070,No,Yes
2313080,No,Yes
2313500,Yes,Yes
2300058,Yes,Yes
2300068,No,Yes
2313710,Yes,Yes
2313740,Yes,Yes
2314825,No,Yes
2314040,Yes,No
3301560,Yes,No
3301710,No,Yes
3301830,No,Yes
3301860,Yes,No
3302370,No,Yes
3399907,Not in SIAPE,Yes
3302400,Yes,Yes
3302430,No,Yes
3300034,Not in SIAPE,Yes
3302510,Yes,Yes
3302870,Yes,No
3302940,No,Yes
3303120,No,Yes
3303279,Yes,No
3399923,Not in SIAPE,Yes
3303660,No,Yes
3304170,No,Yes
3300015,Not in SIAPE,Yes
3304260,No,Yes
3304290,Yes,No
3304650,No,Yes
3399945,Not in SIAPE,Yes
3304960,No,Yes
3399958,Not in SIAPE,Yes
3305400,No,Yes
3305670,No,Yes
3305700,Yes,Yes
3306000,Yes,No
3306330,Yes,Yes
3306360,Yes,Yes
3306450,Yes,Yes
3399967,Not in SIAPE,Yes
3306600,No,Yes
3306870,No,Yes
3306910,No,Yes
3306990,Yes,Yes
4400120,Yes,No
4400720,Yes,No
4400840,Yes,No
4400900,Yes,No
4401200,Yes,No
5000015,Not in SIAPE,Yes
5000016,Not in SIAPE,Yes
5099906,No,Yes
5008224,Not in SIAPE,Yes
5002610,Not in SIAPE,Yes
5002850,Not in SIAPE,Yes
5002940,Not in SIAPE,Yes
5003390,Not in SIAPE,Yes
5000444,Not in SIAPE,Yes
5099919,No,Yes
5000429,Not in SIAPE,Yes
5099920,No,Yes
5000414,Not in SIAPE,Yes
5008243,Not in SIAPE,Yes
5000436,Not in SIAPE,Yes
5000017,Not in SIAPE,Yes
5005220,Not in SIAPE,Yes
5000415,Not in SIAPE,Yes
5099927,No,Yes
5099928,No,Yes
5000400,Not in SIAPE,Yes
5099934,No,Yes
5099935,No,Yes
5000438,Not in SIAPE,Yes
5000437,Not in SIAPE,Yes
5006450,Not in SIAPE,Yes
5000024,Not in SIAPE,Yes
5000384,No,Yes
5000423,Not in SIAPE,Yes
5099936,No,Yes
5007710,Not in SIAPE,Yes
5000417,Not in SIAPE,Yes
5008242,Not in SIAPE,Yes
5000018,Not in SIAPE,Yes
5000019,Not in SIAPE,Yes
5000449,Not in SIAPE,Yes
5000432,Not in SIAPE,Yes
5009000,Not in SIAPE,Yes
5000426,Not in SIAPE,Yes
5099930,No,Yes
5099946,No,Yes
5009270,Not in SIAPE,Yes
5009330,Not in SIAPE,Yes
5099917,Yes,No
3400930,Yes,No
3400960,Yes,No
3401260,Yes,No
3401740,Yes,No
3402250,Yes,No
3402430,Yes,No
3402640,Yes,No
3403030,Yes,No
3403240,Yes,No
3403480,Yes,No
3403930,Yes,No
3404200,Yes,No
3404230,Yes,No
3404530,Yes,No
3404590,Yes,No
3405070,Yes,No
3405580,Yes,No
3406000,Yes,No
3406240,Yes,No
3406450,Yes,No
3406870,Yes,No
3407080,Yes,No
3407680,Yes,No
3407830,Yes,No
3407860,Yes,No
3408220,Yes,No
3408640,Yes,No
3408940,Yes,No
3410320,Yes,No
3411340,Yes,No
3411460,Yes,No
3412030,Yes,No
3412270,Yes,No
3412360,Yes,No
3412540,Yes,No
3412690,Yes,No
3412720,Yes,No
3412840,Yes,No
3412960,Yes,No
3413140,Yes,No
3413200,Yes,No
3413470,Yes,No
3413740,Yes,No
3414550,Yes,No
3414790,Yes,No
3415030,Yes,No
3416290,Yes,No
3416380,Yes,No
3416680,Yes,No
3417580,Yes,No
3417940,Yes,No
3418090,Yes,No
3418150,Yes,No
3418270,Yes,No
3602430,No,No
3602460,Yes,No
3602520,Yes,No
3602820,Yes,No
3602970,Yes,No
3603480,Yes,No
3604350,Yes,Yes
3604370,Yes,No
3604870,Yes,No
3605220,Yes,No
3605610,Yes,No
3605820,Yes,No
3605850,Yes,No
3607050,Yes,No
3607080,No,Yes
3600006,Yes,No
3607710,Yes,Yes
3607980,Yes,No
3632010,Yes,No
3621450,Yes,No
3609390,Yes,No
3609420,Yes,No
3627810,Yes,No
3600003,No,Yes
3610500,Yes,No
3610560,Yes,No
3616560,No,No
3610950,Yes,No
3611070,Yes,Yes
3611370,Yes,No
3611430,Yes,No
3611640,Yes,No
3611700,Yes,No
3600017,Yes,No
3612120,Yes,Yes
3602310,Yes,No
3612270,Yes,No
3612360,Yes,No
3612390,No,No
3612450,Yes,No
3613440,Yes,No
3613560,Yes,No
3613590,Yes,No
3614130,Yes,No
3614220,Yes,No
3614940,Yes,No
3615270,No,Yes
3615330,Yes,Yes
3615630,Yes,No
3600007,Yes,Yes
3615720,No,Yes
3616140,No,Yes
3604758,Yes,No
3616440,Yes,No
3616530,No,Yes
3616740,Yes,No
3616800,Yes,No
3617220,Yes,No
3617670,Yes,No
3617760,No,Yes
3617940,Yes,No
3617970,Yes,No
3618030,Yes,No
3618080,Yes,No
3618090,No,Yes
3618510,No,Yes
3618960,Yes,No
3619740,Yes,No
3619890,Yes,No
3620010,Yes,No
3620730,No,Yes
3620820,Yes,No
3620850,No,No
3621250,Yes,Yes
3621260,Yes,Yes
3621360,Yes,No
3620580,Yes,No
3621630,Yes,No
3621720,Yes,No
3601107,Yes,No
3622050,Yes,No
3680380,Not in SIAPE,Yes
3622260,Yes,No
3622410,Yes,No
3622650,Yes,No
3623070,Yes,No
3623130,No,Yes
3623280,Yes,No
3623520,Yes,No
3623760,Yes,No
3623790,Yes,No
3607440,Not in SIAPE,Yes
3624090,No,Yes
3624120,No,Yes
3624450,Yes,No
3624570,Yes,No
3624750,Yes,No
3624900,Yes,No
3624930,Yes,No
3625020,No,Yes
3625110,No,Yes
3627990,No,Yes
3625440,Yes,No
3625470,Yes,No
3625500,Yes,No
3626010,Yes,No
3603060,No,Yes
3626130,No,Yes
3626190,Yes,No
3626580,Yes,No
3626730,Yes,No
3626850,Yes,No
3626880,No,No
3627330,No,Yes
3622140,Yes,No
3628020,Yes,Yes
3628590,Yes,No
3628710,Yes,No
3628800,No,Yes
3628950,Yes,No
3600019,Yes,No
3629370,Yes,No
3629820,Yes,No
3629910,Yes,No
3630120,Yes,No
3630210,Yes,No
3630450,No,Yes
3631290,Yes,No
3631920,Yes,No
7200030,Yes,No
7800002,Yes,No
7800030,Yes,No
1100030,Yes,No
1000190,Yes,No
1000810,Yes,No
1001530,Yes,No
1001850,Yes,No
2400030,Yes,No
2400090,Yes,No
2400300,Yes,No
2400570,Yes,No
4202130,Yes,No
4202310,No,Yes
4202280,Yes,No
4203630,Yes,No
4204200,Yes,No
4204080,Yes,No
4204830,Yes,No
4204980,Yes,No
4205070,Yes,No
4205860,Yes,No
4206030,Yes,No
4206120,Yes,No
4206590,Yes,No
4206860,Yes,No
4206930,No,Yes
4208010,Yes,No
4208060,Yes,No
4209300,Yes,No
4209690,Yes,No
4209750,Yes,No
4208280,No,Yes
4210530,Yes,Yes
4210950,Yes,No
4211420,Yes,No
4211520,Yes,No
4211580,Yes,No
4211880,Yes,No
4212210,Yes,No
4212330,Yes,No
4213140,Yes,No
4213320,Yes,No
4213440,Yes,No
4214430,Yes,No
4214940,Yes,No
4215150,Yes,No
4215270,Yes,No
4215290,Yes,No
4215600,Yes,No
4216020,Yes,No
4216530,Yes,No
4216620,Yes,No
4216740,Yes,No
4216980,Yes,No
4217130,No,Yes
4217700,Yes,Yes
4217730,Yes,No
4218090,Yes,No
4218450,Yes,No
4218990,Yes,No
4219170,Yes,No
4219530,Yes,Yes
4219680,Yes,No
4220040,Yes,No
4220130,No,Yes
4220460,Yes,No
4220760,Yes,No
4221090,Yes,No
4280630,Not in SIAPE,Yes
4289190,Not in SIAPE,Yes
4221240,Yes,No
4221330,Yes,No
4221490,Yes,No
4221690,No,Yes
4221910,Yes,No
4222400,Yes,No
4222200,Yes,No
4222790,Yes,No
4222800,Yes,No
4222830,Yes,No
4223490,Yes,No
4223880,Yes,No
4224090,Yes,No
4224120,Yes,No
4224150,Yes,No
4224320,Yes,No
4224990,Yes,No
4225170,No,Yes
4226300,Yes,No
4226370,Yes,No
4226390,Yes,No
4216500,Yes,No
4226820,Yes,No
5101190,Yes,No
5100060,Yes,Yes
5100330,No,Yes
5100450,Yes,No
5100480,Yes,No
5100510,Yes,Yes
5100540,No,Yes
5100560,Yes,No
5100690,Yes,No
5100750,Yes,Yes
5100930,Yes,No
5100990,Yes,No
5101080,Yes,Yes
5101110,Yes,No
5101140,Yes,Yes
5101410,Yes,No
5101510,Yes,No
5101560,Yes,No
5100029,Not in SIAPE,Yes
5101690,Yes,Yes
5101740,Yes,No
5101770,Yes,No
5101920,Yes,No
5101950,Yes,Yes
5101980,Yes,No
5102070,Yes,No
5102160,Yes,Yes
5102190,Yes,No
5102310,Yes,Yes
5102340,Yes,No
5102400,Yes,No
5102460,Yes,No
5102490,Yes,No
5102640,Yes,No
5102670,Yes,No
5102710,Yes,Yes
5102730,Yes,No
5102760,Yes,No
5102790,Yes,No
5102910,Yes,No
5103000,Yes,No
5103060,Yes,No
5100083,Not in SIAPE,Yes
5103240,Yes,No
5103300,Yes,No
5103420,Yes,No
5103520,Yes,No
5103750,Yes,No
5103780,Yes,No
5103810,Yes,No
5103980,Yes,No
5104080,Yes,No
5104110,Yes,No
5400030,Yes,No
5400090,Yes,No
5400120,Yes,Yes
5400180,Yes,No
5400210,Yes,Yes
5400240,Yes,No
5400270,Yes,Yes
5400300,Yes,No
5400330,Yes,No
5400360,Yes,No
5400420,Yes,No
5400630,Yes,No
5400660,Yes,No
5400690,Yes,No
5400750,Yes,No
5400780,Yes,No
5400810,Yes,Yes
5400840,Yes,No
5400900,Yes,No
5401020,Yes,No
5401080,Yes,No
5401140,Yes,Yes
5401230,Yes,No
5401260,Yes,No
5401290,Yes,No
5401320,Yes,No
5401350,Yes,No
5401410,No,Yes
5401470,Yes,No
5401500,Yes,No
5401530,Yes,Yes
5401560,Yes,No
5401590,Yes,No
5401650,Yes,No
0100005,Yes,No
0100030,Yes,No
0100060,Yes,No
0100090,Yes,No
0100180,Yes,No
0100300,Yes,Yes
0100330,Yes,No
0100360,Yes,No
0100390,Yes,No
0100012,Yes,No
0100208,Not in SIAPE,Yes
0100450,Yes,No
0100480,Yes,No
0100510,Yes,Yes
0100540,Yes,No
0100600,Yes,No
0100630,Yes,No
0100188,Yes,No
0100660,Yes,No
0100690,Yes,Yes
0100720,Yes,Yes
0100750,Yes,No
0100780,Yes,No
0100840,Yes,No
0100870,Yes,No
0100900,Yes,Yes
0100930,Yes,No
0100960,Yes,Yes
0101050,Yes,No
0101080,Yes,No
0101110,Yes,No
0101140,Yes,No
0101200,Yes,No
0101230,Yes,No
0101260,Yes,Yes
0101350,Yes,No
0101410,Yes,No
0101440,Yes,No
0101470,Yes,No
0101530,Yes,No
0101560,Yes,No
0101590,Yes,No
0101620,Yes,No
0101640,Yes,No
0101660,Yes,No
0101680,Yes,No
0101690,Yes,No
0101710,Yes,No
0101720,Yes,No
0101740,Yes,No
0101770,Yes,No
0101830,Yes,No
0101860,Yes,No
0101890,Yes,No
0101920,Yes,No
0101950,Yes,Yes
0101980,Yes,No
0102040,Yes,No
0100011,Yes,No
0102130,Yes,Yes
0102160,Yes,No
0102190,Yes,No
0102250,Yes,Yes
0102310,Yes,Yes
0100006,Yes,No
0102350,Yes,No
0102370,Yes,No
0102400,Yes,No
0102430,Yes,No
0102580,Yes,No
0102610,Yes,No
0102635,Yes,No
0102640,Yes,No
0102670,Yes,Yes
0102700,Yes,No
0102730,Yes,No
0102760,Yes,No
0102790,Yes,No
0102820,Yes,Yes
0102850,Yes,No
0102880,Yes,No
0102910,Yes,No
0102940,Yes,No
0102970,Yes,No
0103000,Yes,No
0103090,Yes,Yes
0103120,Yes,No
0103150,Yes,No
0103180,Yes,No
0103210,Yes,No
0103240,Yes,No
0103270,Yes,No
0103300,Yes,No
0103330,Yes,No
0103360,Yes,No
0103420,Yes,No
0100199,Not in SIAPE,Yes
0103450,Yes,No
0103480,Yes,Yes
0103510,Yes,Yes
0103540,No,Yes
0103580,Yes,Yes
5900092,Not in SIAPE,Yes
5900090,Not in SIAPE,No
1200060,Yes,No
1200090,Yes,No
1200120,Yes,No
1200210,Yes,No
1200270,Yes,No
1200360,Yes,No
1200420,Yes,No
1200450,Yes,No
1200480,Yes,No
1200510,Yes,No
1200570,Yes,No
1200600,Yes,No
1200630,Yes,No
1200660,Yes,No
1200690,Yes,No
1200720,Yes,No
1200750,Yes,No
1200780,Yes,No
1200840,Yes,No
1200900,Yes,No
1200960,Yes,No
1200990,Yes,No
1201020,Yes,Yes
1201140,Yes,No
1201170,Yes,No
1201200,Yes,No
1201410,Yes,No
1201590,Yes,No
1201620,Yes,No
1201800,Yes,No
1201830,Yes,No
1201860,Yes,No
1201890,Yes,No
1202010,Yes,No
1300060,Yes,No
1300090,Yes,Yes
1300120,Yes,No
1300150,Yes,No
1300180,Yes,No
1300210,Yes,No
1300360,Yes,No
1300390,Yes,No
1300420,Yes,No
1300440,Yes,No
1300480,Yes,No
1300540,Yes,No
1300630,Yes,No
1300660,Yes,No
1300750,Yes,Yes
1300810,Yes,No
1300870,Yes,No
1300990,Yes,No
1301050,Yes,No
1301080,Yes,No
1301170,Yes,No
1301200,Yes,Yes
1301230,Yes,No
1301260,Yes,No
1301350,Yes,No
1301380,Yes,No
1301440,Yes,No
1301470,Yes,No
1301530,Yes,No
1301560,Yes,No
1301710,Yes,No
1301740,Yes,No
1301770,Yes,No
1301800,Yes,No
1301830,Yes,No
1301870,Yes,No
1301920,Yes,No
1301950,Yes,No
1302010,Yes,No
1302040,Yes,No
1302070,Yes,No
1302100,Yes,No
1302250,Yes,No
1302340,Yes,No
1302370,No,Yes
1302400,Yes,No
1302460,Yes,No
1302490,Yes,No
1302520,Yes,No
1302640,Yes,No
1302670,Yes,No
1302730,Yes,No
1302790,Yes,No
1302910,Yes,No
1303000,Yes,No
1303060,Yes,No
1303090,Yes,No
1303120,Yes,No
1303210,Yes,No
1303240,Yes,No
1301890,Yes,No
1303300,Yes,No
1303330,Yes,No
1303360,Yes,No
1303390,Yes,No
1303450,Yes,No
1303480,Yes,No
1303540,Yes,No
1303570,Yes,No
1303600,Yes,No
1303630,Yes,No
1303660,Yes,Yes
1303690,Yes,No
1303750,Yes,No
1303840,Yes,No
1303870,Yes,No
1303930,Yes,No
1304050,Yes,No
1304080,Yes,No
1304140,Yes,No
1304200,Yes,No
1304220,Yes,No
1304260,Yes,No
1304290,Yes,No
1304320,Yes,No
1304350,Yes,No
1304380,Yes,No
1304440,Yes,No
1301020,Yes,No
1304470,Yes,No
1304500,Yes,No
1304530,Yes,No
1300218,Not in SIAPE,Yes
1304560,Yes,No
1304590,Yes,No
1304620,Yes,No
1304650,Yes,No
1304680,Yes,Yes
1304770,Yes,No
1304800,Yes,Yes
1304830,Yes,No
1304860,Yes,No
1304890,Yes,No
1305280,Yes,No
1304950,Yes,No
1304980,Yes,No
1305040,Yes,No
1305070,Yes,Yes
1305100,Yes,No
1305130,Yes,No
1300001,Yes,No
1305190,Yes,No
1305220,Yes,No
1305250,No,Yes
1305310,Yes,No
1305340,Yes,No
1305430,Yes,No
1305460,Yes,No
1305490,Yes,No
1305550,Yes,No
1305580,Yes,Yes
1305640,Yes,No
1305730,Yes,Yes
1305760,Yes,No
1305790,Yes,No
1305850,Yes,No
2105850,Yes,No
2100030,Yes,No
2100070,Yes,No
2100150,Yes,No
2100180,Yes,No
2100210,No,Yes
2100240,Yes,No
2100300,Yes,No
2100330,Yes,No
2100390,Yes,No
2100480,Yes,No
2100570,Yes,No
2100620,Yes,No
2100690,Yes,No
2100720,Yes,No
2100810,Yes,No
2100840,Yes,No
2100930,Yes,No
2100960,Yes,Yes
2100990,Yes,No
2101020,Yes,No
2101050,Yes,Yes
2101110,Yes,No
2101150,Yes,No
2101230,Yes,No
2101260,Yes,Yes
2101290,Yes,No
2101320,Yes,No
2101350,Yes,No
2101380,Yes,No
2101410,Yes,Yes
2101440,Yes,No
2101500,Yes,No
2101530,Yes,No
2101590,Yes,No
2101620,Yes,No
2101680,Yes,Yes
2101740,Yes,No
2101760,Yes,No
2101800,Yes,No
2101920,Yes,No
2101950,Yes,No
2101980,Yes,No
2102100,Yes,No
2102070,Yes,No
2102130,Yes,No
2102220,Yes,No
2102300,Yes,No
2102340,Yes,No
2102540,Yes,No
2102520,Yes,No
2102640,Yes,No
2102670,Yes,No
2102790,Yes,Yes
2102860,Yes,No
2102940,Yes,Yes
2102910,Yes,No
2103000,Yes,Yes
2103060,Yes,No
2103120,Yes,Yes
2103150,Yes,No
2103210,Yes,No
2103240,Yes,No
2103270,Yes,Yes
2103330,Yes,No
2103360,Yes,Yes
2103390,Yes,Yes
2103480,Yes,No
2103540,Yes,No
2103630,Yes,No
2103750,Yes,Yes
2103840,Yes,Yes
2103870,Yes,No
2103900,Yes,No
2103990,Yes,Yes
2104080,Yes,Yes
2104140,Yes,Yes
2104170,Yes,No
2104200,Yes,Yes
2104250,Yes,No
2104290,Yes,Yes
2100081,Yes,No
2104380,Yes,No
2104440,Yes,No
2104470,Yes,Yes
2104590,Yes,No
2104620,Yes,Yes
2104650,Yes,No
2104680,Yes,No
2104710,Yes,No
2104770,Yes,No
2104800,Yes,No
2104830,Yes,No
2104860,Yes,No
2104890,Yes,No
2104950,Yes,No
2105040,Yes,Yes
2105070,Yes,No
2105100,Yes,No
2105160,Yes,Yes
2105190,Yes,No
2105220,Yes,No
2105430,Yes,No
2105460,Yes,No
2105550,Yes,No
2105580,Yes,No
2105790,Yes,No
2105820,Yes,No
2105880,Yes,No
2105910,Yes,No
2105970,Yes,Yes
5900194,Not in SIAPE,No
5900031,Not in SIAPE,No
5900078,Not in SIAPE,No
5900111,Not in SIAPE,Yes
5900123,Not in SIAPE,No
5900172,Not in SIAPE,No
5900053,Not in SIAPE,No
5900100,Not in SIAPE,No
2800360,Yes,No
2800420,Yes,Yes
2800450,Yes,No
2800510,Yes,No
2800540,Yes,No
2800570,Yes,No
2800600,Yes,No
2800630,Yes,No
2800820,Yes,No
2800840,Yes,No
2800870,Yes,Yes
2800900,Yes,No
2800930,Yes,No
2800200,Yes,No
2800990,Yes,Yes
2801020,Yes,Yes
2801050,Yes,No
2800750,Yes,No
2801110,Yes,No
2801140,Yes,Yes
2801170,Yes,No
2801200,Yes,No
2801220,Yes,No
2801260,Yes,No
2801290,Yes,No
2801380,Yes,Yes
2801410,Yes,No
2801440,No,Yes
2801470,Yes,No
2801490,Yes,No
2801530,Yes,Yes
2801560,Yes,No
2801590,Yes,Yes
2801620,Yes,No
2800198,Yes,No
2801680,Yes,No
2801710,Yes,No
2801740,Yes,No
2801770,Yes,No
2801800,Yes,No
2801830,Yes,No
2801860,Yes,No
2801890,Yes,No
2801950,Yes,No
2800195,Yes,Yes
2802040,Yes,No
2802190,Yes,No
2802220,Yes,Yes
2802250,Yes,No
2802280,Yes,No
2802310,Yes,Yes
2802340,Yes,No
2802460,Yes,No
2802490,Yes,Yes
2802520,Yes,No
2802610,Yes,No
2802640,Yes,No
2802700,Yes,No
2802820,Yes,No
2802850,Yes,No
2802880,Yes,No
2802910,Yes,No
2803000,Yes,No
2803030,Yes,No
2803060,Yes,No
2803090,Yes,No
2803120,Yes,No
2803150,Yes,No
2803180,Yes,No
2800186,Yes,No
2803210,Yes,No
2803240,Yes,No
2803270,Yes,Yes
2803300,Yes,No
2803390,Yes,No
2803480,Yes,No
2803520,Yes,No
2803570,Yes,No
2803600,Yes,No
2803630,Yes,No
2803690,Yes,No
2803660,Yes,No
2803720,Yes,Yes
2803810,Yes,No
2803780,Yes,Yes
2803870,Yes,No
2803900,Yes,No
2803930,Yes,No
2803990,Yes,No
2804020,Yes,Yes
2803960,Yes,Yes
2804050,Yes,No
2804080,Yes,No
2804110,Yes,No
2800189,Yes,No
2804170,Yes,No
2800187,Yes,No
2804260,No,Yes
2804290,Yes,No
2804320,Yes,No
2804380,Yes,Yes
2804470,Yes,No
2804440,Yes,Yes
2804500,Yes,No
2804530,Yes,No
2804560,Yes,Yes
2800185,Yes,Yes
2804590,Yes,Yes
2800191,Yes,No
2804650,Yes,Yes
2804680,Yes,No
2804710,Yes,Yes
2800196,Yes,No
2804770,Yes,No
2804800,Yes,No
5900066,Not in SIAPE,No
5900101,Not in SIAPE,No
3737099,Yes,No
3700120,Yes,Yes
3700180,Yes,No
3700210,Yes,No
3700240,Yes,No
3700300,Yes,No
3700330,Yes,No
3700360,Yes,No
3700390,Yes,No
3700660,Yes,No
3700780,Yes,Yes
3700870,Yes,Yes
3700900,Yes,No
3700930,Yes,No
3700960,Yes,No
3700011,Yes,No
3701200,Yes,No
3700840,Yes,No
3701320,Yes,No
3703540,Yes,No
3701770,Yes,Yes
3701830,Yes,No
3701950,Yes,No
3702160,Yes,No
3702190,Yes,No
3702250,Yes,No
3702280,Yes,Yes
3702340,Yes,No
3702400,Yes,No
3702430,Yes,No
3702610,Yes,No
3702640,Yes,No
3702820,Yes,No
3702880,Yes,No
3703000,Yes,No
3703060,Yes,No
3703210,Yes,No
3700129,Not in SIAPE,No
3703270,Yes,No
3703420,Yes,No
3703510,Yes,No
3703600,Yes,No
3703630,Yes,No
3700012,Yes,No
3700448,Not in SIAPE,Yes
3703930,Yes,No
3703870,Yes,No
3703900,Yes,No
3703990,Yes,No
3704050,Yes,No
3704080,Yes,No
3704140,Yes,No
3704200,Yes,No
3704440,Yes,No
3700021,Not in SIAPE,Yes
3704500,Yes,No
3704530,Yes,No
3704590,Yes,Yes
3704650,Yes,No
3704740,Yes,Yes
3704800,Yes,No
3704880,Yes,No
3704890,Yes,No
3704920,Yes,No
3704950,Yes,No
3705020,Yes,No
3705070,Yes,No
4500006,Yes,No
4501740,Yes,No
4502430,Yes,No
4502460,Yes,No
4500720,Yes,No
4500750,Yes,No
4500810,Yes,No
4500840,Yes,No
4500900,Yes,No
4500930,Yes,No
4500960,Yes,No
4501020,Yes,No
4501050,Yes,No
4501080,Yes,No
4501250,Yes,No
4501500,Yes,No
4501530,Yes,No
4501560,Yes,No
4501770,Yes,No
4501830,Yes,No
4501860,Yes,No
4501950,Yes,No
4501920,Yes,No
4500002,Yes,No
4502100,Yes,No
4502160,Yes,No
4502190,Yes,No
4502220,Yes,No
4502250,Yes,No
4502280,Yes,No
4502340,Yes,No
4502370,Yes,No
4502520,Yes,No
4502610,Yes,No
4502640,Yes,No
4502670,Yes,No
4502790,Yes,No
4503908,Yes,No
4502970,Yes,No
4503000,Yes,No
4503030,Yes,No
4503060,Yes,No
4503910,Yes,No
4503360,Yes,No
4503460,Yes,No
4503903,Not in SIAPE,Yes
4503660,Yes,No
4503902,Yes,No
4503750,Yes,No
4503780,Yes,No
4700030,Yes,No
4700144,Not in SIAPE,Yes
4700120,Yes,No
4700240,Yes,No
4700270,Yes,No
4700360,Yes,No
4700420,Yes,No
4700480,Not in SIAPE,Yes
4700510,Yes,No
4700600,Yes,No
4700630,Yes,No
4700660,Yes,Yes
4700720,Yes,No
4700750,Yes,No
4700900,Yes,No
4703180,Yes,No
4700930,Yes,No
4700960,Yes,Yes
4701080,Yes,No
4701110,Yes,No
4701140,Yes,No
4701200,Yes,No
4701230,Yes,Yes
4701440,Yes,No
4701500,Yes,No
4701530,Yes,No
4700001,Yes,No
4701620,Yes,No
4701650,Yes,Yes
4701680,Yes,No
4701740,Yes,No
4701770,Yes,No
4701830,Yes,No
4701860,Yes,No
4701890,Yes,No
4701920,Yes,No
4701950,Yes,No
4702010,Yes,No
4702070,Yes,Yes
4702160,Yes,No
4702190,Yes,No
4702280,Yes,Yes
4702310,Yes,No
4702430,Yes,No
4702460,Yes,No
4702550,Yes,No
4702580,Yes,No
4702610,Yes,No
4702640,Yes,No
4702790,Yes,No
4702880,Yes,No
4702910,Yes,No
4703090,Yes,No
4703210,Yes,No
4703300,Yes,No
4703360,Yes,No
4703390,Yes,Yes
4703420,Yes,Yes
4703510,Yes,No
4703540,Yes,No
4703660,Yes,No
4703720,Yes,No
4703750,Yes,No
4700148,Yes,No
4703990,Yes,No
4704050,Yes,No
4704100,Yes,No
4704230,Yes,No
4704260,Yes,No
4704290,Yes,No
4704320,Yes,No
4704350,Yes,No
4704440,No,Yes
4704470,Yes,No
4704500,Yes,No
1703750,Yes,No
1704440,No,Yes
1704680,Yes,No
1705190,Yes,No
1705460,No,Yes
1705580,Yes,No
1705610,Yes,No
1705760,Yes,No
1705950,Yes,No
1706060,Yes,No
1706180,Yes,No
1706420,Yes,No
1723640,Yes,No
1716950,Yes,No
1707440,Yes,No
1707740,Yes,No
1736810,Yes,No
1700125,No,Yes
1707860,Yes,No
1708040,Yes,No
1708070,Yes,No
1741520,Yes,No
1708130,Yes,No
1708310,Yes,No
1708370,Yes,No
1708340,Yes,No
1708580,Yes,No
1735460,Yes,No
1730510,Yes,No
1709180,Yes,No
1708220,No,Yes
1737860,Yes,No
1709300,Yes,No
1709270,Yes,No
1739630,Yes,No
1709400,No,Yes
1709960,Yes,No
1709990,Yes,No
1700217,Yes,No
1710200,Yes,No
1709930,Yes,No
1710340,Yes,No
1710570,Yes,No
1706510,Yes,No
1710980,Yes,No
1711010,Yes,No
1736600,Yes,No
1700176,No,Yes
1711290,Yes,No
1739090,No,Yes
1701388,Yes,No
1711790,Yes,No
1711850,Yes,No
1712000,Yes,No
1712090,Yes,No
1712150,Yes,No
1712450,Yes,No
1712420,Yes,No
1712480,Yes,No
1712760,Yes,No
1712960,Yes,No
1712990,Yes,No
1713170,Yes,No
1713320,Yes,No
1713500,No,Yes
1713590,Yes,No
1713660,Yes,No
1713860,Yes,No
1736300,Yes,No
1714760,Yes,No
1710950,Yes,No
1741580,Yes,No
1715900,Yes,No
1716020,Yes,No
1716080,Yes,No
1700045,Yes,No
1730900,Yes,No
1700092,Yes,No
1716680,Yes,No
1717280,Yes,No
1717580,Yes,No
1718200,Yes,Yes
1718270,Yes,No
1718450,Yes,No
1718510,Yes,No
1718600,Yes,No
1718810,Yes,No
1718960,Yes,No
1719660,Yes,No
1719680,Yes,No
1707170,Yes,No
1720190,Yes,No
1700329,Not in SIAPE,Yes
1720550,Yes,No
1720580,Yes,No
1700015,Yes,No
1720760,Yes,No
1720790,No,Yes
1721000,Yes,No
1701381,No,Yes
1722080,Yes,No
1721510,Yes,No
1722020,Yes,No
1722050,Yes,No
1722150,Yes,No
1722770,No,Yes
1708100,Yes,No
1722980,Yes,No
1713440,Yes,No
1723700,Yes,No
1723920,Yes,No
1723970,Yes,No
1724650,Yes,No
1705466,Yes,No
1725000,Yes,No
1725020,Yes,No
1725110,Yes,No
1725680,Yes,Yes
1726970,Yes,No
1725920,Yes,No
1727340,Yes,No
1727610,Yes,No
1700004,No,Yes
1700110,Yes,No
1728810,Yes,No
1742240,Yes,No
1701403,Yes,No
1728890,Yes,No
1740680,Yes,No
1730540,Yes,No
1729040,Yes,No
1701404,Yes,No
1700265,Not in SIAPE,Yes
1729700,Yes,Yes
1729730,No,Yes
1730750,Yes,No
1730810,Yes,No
1731140,Yes,No
1731230,Yes,No
1731860,Yes,No
1731950,Yes,No
1732280,Yes,Yes
1732370,Yes,No
1724720,Yes,No
1733210,Yes,No
1722130,Yes,No
1733390,Yes,No
1733420,Yes,No
1733690,Yes,No
1734100,Yes,No
1734350,Yes,No
1734380,Yes,No
1734410,Yes,No
1734470,Yes,No
1734510,Yes,No
1735160,Yes,No
1735310,Yes,No
1735340,Yes,No
1706600,No,Yes
1742990,Yes,No
1736330,Yes,No
1736360,Yes,No
1700114,No,Yes
1736640,Yes,No
1736720,Yes,No
1736750,Yes,No
1736610,Yes,Yes
1736900,Yes,No
1737080,Yes,No
1737140,Yes,No
1737230,Yes,Yes
1737680,Yes,No
1737830,No,Yes
1700112,Yes,No
1704050,Yes,No
1738550,Yes,No
1738970,Yes,No
1708250,Yes,No
1700293,Not in SIAPE,Yes
1739930,Yes,No
1738490,No,Yes
1740200,Yes,No
1740410,No,Yes
1718480,Yes,No
1740740,No,Yes
1741250,Yes,No
1700310,Yes,No
1701387,No,Yes
1710820,Yes,No
1742510,Yes,No
1742570,Yes,No
1742660,No,Yes
1743050,Yes,No
1743380,Yes,No
1743800,Yes,No
1743860,Yes,No
1800060,Yes,No
1800150,Yes,No
1801170,Yes,No
1802440,Yes,No
1803270,Yes,No
1803300,Yes,No
1803630,Yes,No
1803870,Yes,No
1804770,Yes,No
1805370,Yes,No
1805460,Yes,No
1802910,Yes,No
1805910,Yes,No
1806390,Yes,No
1801230,Yes,No
1806570,Yes,No
1810110,Yes,No
1812810,Yes,No
1807320,Yes,No
1807440,Yes,No
1800118,Yes,No
1807710,No,Yes
1808490,Yes,No
1808640,Yes,No
1801740,No,Yes
1808850,Yes,No
1803180,Yes,No
1809510,Yes,No
1804620,Yes,No
1802880,Yes,No
1804320,Yes,No
1809990,Yes,No
1810260,Yes,No
1810290,Yes,No
1810470,Yes,Yes
1811220,Yes,No
1812090,Yes,No
1809360,No,Yes
5900187,Not in SIAPE,Yes
5900054,Not in SIAPE,No
2602040,No,Yes
2602160,Yes,No
2602730,Yes,No
2601092,Not in SIAPE,Yes
2603270,No,Yes
2603540,Yes,No
2603570,Yes,Yes
2603600,Yes,Yes
2603810,Yes,Yes
2603870,Yes,No
2603960,Yes,No
2603990,Yes,Yes
2604020,No,Yes
2600005,Yes,No
2604320,Yes,Yes
2604350,No,Yes
2604440,Yes,No
2604500,Yes,No
2604620,No,Yes
2604740,Yes,No
2604800,Yes,No
2604830,Yes,No
2604950,No,Yes
2605100,Yes,No
2605690,Yes,Yes
2600105,Yes,No
2606270,Yes,No
2606300,Yes,No
2606780,Yes,No
2606900,No,No
2607040,Yes,No
2607410,Yes,No
2607470,No,Yes
2607710,Yes,No
2607890,Yes,No
2608010,No,Yes
2608070,Yes,No
2608130,No,Yes
2608160,Yes,No
2608280,No,Yes
2608400,Yes,Yes
2608580,Yes,No
2608610,No,Yes
2601028,Not in SIAPE,Yes
2680260,Not in SIAPE,Yes
2609560,No,Yes
2610080,Yes,No
2610200,Yes,No
2610230,Yes,No
2610590,Yes,No
2610980,Yes,No
2611030,Yes,No
2600016,Yes,No
2611600,Yes,No
2611610,Yes,No
2611700,Yes,No
2611970,Yes,Yes
2600980,Not in SIAPE,Yes
2601103,Yes,No
2612150,Yes,No
2612450,Yes,No
2612810,Yes,No
2612930,Yes,No
2613090,No,Yes
2613140,No,Yes
2615600,Yes,Yes
2613560,No,Yes
2600014,No,Yes
2610560,Yes,Yes
2614100,Yes,No
2614460,Yes,No
2614520,Yes,No
2611190,No,Yes
2614790,No,Yes
2615750,Yes,No
2615990,Yes,No
2616020,No,Yes
2616080,Yes,No
2680420,Not in SIAPE,Yes
2616440,Yes,No
2616560,No,Yes
2614690,Yes,Yes
2617340,Yes,No
2617370,Yes,Yes
2617520,Yes,No
2600007,No,Yes
2617760,Yes,No
2617820,Yes,No
2617880,Yes,No
2618030,Yes,No
2618270,Yes,No
2618330,Yes,No
2601107,Not in SIAPE,Yes
2618360,Yes,Yes
2618600,Yes,No
2619170,No,Yes
2619290,Yes,No
2619470,Yes,No
2619620,Yes,No
2619950,Yes,No
2620010,Yes,Yes
2620160,Yes,No
2620400,No,Yes
2600018,No,Yes
2621150,Yes,No
2621420,No,Yes
2621600,Yes,No
2621750,Yes,No
2622320,Yes,No
2622350,No,Yes
2622470,Yes,No
2622800,No,Yes
2622860,No,Yes
2623160,Yes,No
2623460,Yes,No
2623670,Yes,Yes
2624000,Yes,Yes
2612960,No,Yes
2624600,Yes,No
2624690,Yes,No
2624720,Yes,No
2624870,Yes,No
2624840,Yes,No
2600103,Not in SIAPE,Yes
2625560,Yes,No
2629220,No,Yes
2630480,No,Yes
2625920,No,Yes
2626190,Yes,No
2600285,Not in SIAPE,No
2626400,Yes,Yes
2626550,No,Yes
2626760,Yes,No
2626970,Yes,No
2627180,No,Yes
2628200,No,Yes
2628740,Yes,No
2628830,Yes,No
2629130,No,Yes
2629190,No,Yes
2600269,Not in SIAPE,Yes
2629250,Yes,No
2629400,Yes,No
2629460,Yes,No
2629580,Yes,Yes
2629760,Yes,No
2630060,Yes,No
2630120,Yes,No
2615830,Yes,No
2630210,Yes,No
2630360,Yes,No
2630390,Yes,No
2630990,No,No
2632070,Yes,No
2600012,No,No
2632880,Yes,No
2632940,Yes,No
2633000,No,Yes
2601104,Not in SIAPE,Yes
2600019,No,Yes
2633360,No,No
2625350,Yes,No
2633540,Yes,No
2600966,Not in SIAPE,Yes
2601120,Not in SIAPE,Yes
2634680,Yes,No
2634710,Yes,No
2634920,No,Yes
2635010,Yes,No
2635040,No,Yes
2635130,Yes,Yes
2635340,Yes,Yes
2635460,Yes,No
2600015,Yes,No
2635790,Yes,Yes
2635850,Yes,Yes
2632910,Yes,No
2611640,Yes,No
2635970,Yes,No
2636060,Yes,No
2636240,Yes,Yes
2636390,Yes,Yes
2636480,Yes,Yes
2636630,Yes,No
2700126,Not in SIAPE,Yes
5900166,Not in SIAPE,Yes
5900038,Not in SIAPE,Yes
5900135,Not in SIAPE,No
2700300,Not in SIAPE,Yes
5900064,Not in SIAPE,Yes
2700480,No,Yes
2702730,No,Yes
2703300,No,Yes
2703540,No,Yes
2703570,No,Yes
2703750,No,Yes
2705430,Yes,Yes
2700255,Not in SIAPE,Yes
2705660,No,Yes
2705730,No,Yes
2705760,No,Yes
2707110,Yes,Yes
2700023,No,Yes
2707450,No,Yes
2707470,No,Yes
2707590,No,No
2708070,Yes,Yes
2700110,No,Yes
2708940,No,Yes
2700290,Not in SIAPE,Yes
2700103,No,Yes
2709360,Yes,No
2700150,No,Yes
2709420,No,No
2709540,No,Yes
2713110,No,Yes
2709690,No,Yes
2700218,Not in SIAPE,Yes
2710090,No,Yes
2710140,No,No
2700139,Not in SIAPE,Yes
2711085,No,Yes
2711220,No,Yes
2711460,No,Yes
2700484,Not in SIAPE,Yes
2711910,No,Yes
2712210,No,Yes
2712300,No,Yes
2712480,No,Yes
2712580,No,Yes
2700293,Not in SIAPE,Yes
2713020,No,Yes
2700339,Not in SIAPE,Yes
2700107,No,Yes
2718920,No,Yes
2713680,No,Yes
2713860,No,Yes
2713890,No,Yes
2713930,No,Yes
2714010,No,Yes
2714070,No,Yes
2715510,No,Yes
2715540,No,Yes
2717010,No,Yes
2717120,No,Yes
2791447,No,Yes
2700125,No,Yes
2717460,No,Yes
2717570,No,Yes
2700088,No,Yes
2717880,No,Yes
2717910,No,Yes
2717940,No,Yes
2718060,No,Yes
2718270,No,Yes
2718540,Yes,Yes
2718660,Yes,Yes
2723550,No,Yes
2718960,No,Yes
2719170,No,Yes
2720580,No,Yes
2791450,No,Yes
2721270,No,Yes
2700019,No,Yes
2700090,No,Yes
2700275,Not in SIAPE,Yes
2733720,Yes,Yes
2700101,No,Yes
2700256,Not in SIAPE,Yes
2730870,Yes,Yes
2700089,No,Yes
2700039,Not in SIAPE,Yes
2725050,Yes,Yes
2700321,Not in SIAPE,Yes
2728110,No,Yes
2728170,No,Yes
2728200,No,Yes
2728960,Yes,Yes
2728970,No,Yes
2700038,Not in SIAPE,Yes
2716830,No,Yes
2700385,No,Yes
2730450,No,Yes
2730510,Yes,Yes
2700132,No,Yes
2700182,No,No
2700163,No,Yes
2732460,No,Yes
2700294,No,Yes
2732970,No,Yes
2732700,No,Yes
2700417,Not in SIAPE,Yes
2733390,No,Yes
2700008,No,No
2733840,Yes,No
2700127,No,Yes
2700326,No,Yes
2791446,No,Yes
2700005,No,Yes
2700479,Not in SIAPE,Yes
2700372,Not in SIAPE,Yes
2741060,No,Yes
2741430,No,Yes
2702910,No,Yes
2741850,No,Yes
2742120,Yes,Yes
2700104,No,Yes
2700183,No,Yes
2742330,No,Yes
2791449,No,Yes
2700099,No,No
3906190,Yes,No
3904348,Yes,No
3904349,Yes,No
3904351,Yes,No
3904352,Yes,No
3904353,Yes,No
3910017,Yes,No
3904357,Yes,No
3904361,Yes,No
3904523,Yes,No
3905012,Yes,No
3904617,Yes,No
3904778,Yes,No
3904368,Yes,No
3904369,Yes,No
3904370,Yes,No
3904371,Yes,No
3904374,Yes,No
3904375,Yes,No
3904376,Yes,No
3910026,Yes,No
3904377,Yes,No
3904813,Yes,No
3904378,Yes,No
3904380,Yes,No
3904381,Yes,No
3904382,Yes,No
3910008,Yes,No
3904535,Yes,No
3904783,Yes,No
3904384,Yes,No
3904390,Yes,No
3904391,Yes,No
3904912,Yes,No
3904394,Yes,No
3904395,Yes,No
3904396,Yes,No
3904591,Yes,No
3904399,Yes,No
3904401,Yes,No
3906568,Yes,No
3904403,Yes,No
3904404,Yes,No
3904537,Yes,No
3904406,Yes,No
3904961,Yes,No
3904540,Yes,No
3904950,Yes,No
3904414,Yes,No
3904415,Yes,No
3904868,Yes,No
3904416,Yes,No
3910025,Yes,No
3905024,Yes,No
3910007,Yes,No
3904422,Yes,No
3904545,Yes,No
3904423,Yes,No
3904424,Yes,No
3904426,Yes,No
3900537,Yes,No
3904429,Yes,No
3904430,Yes,No
3910019,Yes,No
3904433,Yes,No
3904434,Yes,No
3904435,Yes,No
3904852,Yes,No
3904440,Yes,No
3904962,Yes,No
3904877,Yes,No
3904441,Yes,No
3904444,Yes,No
3904446,Yes,No
3904447,Yes,No
3904613,Yes,No
3904445,Yes,No
3904449,Yes,No
3904451,Yes,No
3904873,Yes,No
3904963,Yes,No
3904457,Yes,No
3904776,Yes,No
3910015,Yes,No
3904951,Yes,Yes
3910027,Yes,No
3904588,Yes,No
3904468,Yes,No
3904659,Yes,No
3904607,Yes,No
3904794,Yes,No
3904730,Yes,No
3910006,Yes,No
3904474,Yes,No
3904913,Yes,No
3904835,Yes,No
3904795,Yes,No
3904644,Yes,No
3904853,Yes,No
3904906,Yes,No
3904481,Yes,No
3904471,Yes,No
3904482,Yes,No
3904485,Yes,No
3904490,Yes,No
3904491,Yes,No
3904592,Yes,No
3904869,Yes,No
3904752,Yes,No
3904964,Yes,No
3905039,Yes,No
3904499,Yes,No
3904500,Yes,No
3910011,Yes,No
3904965,Yes,No
3904914,Yes,No
3904502,Yes,No
3904503,Yes,No
3904505,Yes,No
3904915,Yes,Yes
3904966,Yes,No
3904507,Yes,No
3904566,Yes,No
3904408,Yes,No
3904516,Yes,No
3904517,Yes,No
5900104,Not in SIAPE,No
5900144,Not in SIAPE,Yes
5900114,Not in SIAPE,No
5500060,Yes,Yes
5500180,No,Yes
5500240,No,Yes
5500510,No,No
5500630,Yes,No
5500900,Yes,Yes
5501050,Yes,No
5501170,No,Yes
5505730,No,Yes
5501260,No,No
5501560,No,Yes
5501920,No,Yes
5502340,Yes,No
5500058,Yes,Yes
5500033,Not in SIAPE,Yes
5502880,Yes,No
5502910,Yes,Yes
5502970,No,Yes
5503090,No,Yes
5503150,No,Yes
5503810,No,Yes
5504170,No,Yes
5504350,No,Yes
5514970,Yes,No
5504860,No,Yes
5504920,No,No
5505220,No,Yes
5505280,Yes,Yes
5505520,No,Yes
5505580,No,Yes
5505640,Yes,Yes
5505670,No,Yes
5505970,Yes,Yes
5500056,No,No
5506270,Yes,No
5506420,No,Yes
5506480,Yes,Yes
5506870,No,Yes
5512540,Yes,Yes
5507560,Yes,Yes
5504620,Yes,Yes
5509630,No,Yes
5507830,No,Yes
5508250,No,Yes
5508280,No,Yes
5508760,Yes,No
5508970,Yes,Yes
5509070,Yes,No
5509150,Yes,Yes
5509600,Yes,No
5509690,No,Yes
5509870,No,Yes
5510230,No,Yes
5510350,No,Yes
5504980,Yes,Yes
5501530,No,Yes
5503860,No,Yes
5509720,Yes,Yes
5510770,Yes,Yes
5511310,No,Yes
5511710,No,Yes
5511730,No,Yes
5511790,No,Yes
5511880,No,Yes
5512180,No,Yes
5512210,No,Yes
5512300,No,Yes
5512360,Yes,No
5512780,No,Yes
5513470,No,Yes
5513530,No,No
5513890,No,Yes
5512030,No,Yes
5514700,Yes,Yes
5514850,No,Yes
5514910,No,No
5511820,Yes,Yes
5515060,No,Yes
5500750,No,Yes
5515390,No,Yes
5515570,No,Yes
5515930,Yes,Yes
5515960,Yes,No
5516230,No,Yes
5516440,No,Yes
5516470,Yes,No
5516590,Yes,Yes
5516650,No,Yes
5516860,Yes,Yes
5517130,No,Yes
5517160,No,Yes
0502280,Yes,No
0502430,Yes,No
0502580,Yes,No
0502610,Yes,No
0502670,Yes,Yes
0502700,Yes,No
0502730,Yes,No
0500019,Yes,No
0502820,Yes,No
0500032,Yes,Yes
0503150,Yes,No
0503240,Yes,No
0503300,Yes,Yes
0503320,Yes,No
0503450,Yes,No
0503480,Yes,No
0503630,Yes,No
0503710,Yes,No
0503770,Yes,Yes
0503840,Yes,Yes
0506060,Yes,No
0504050,Yes,No
0500070,Yes,No
0504080,Yes,No
0506690,Yes,No
0504350,Yes,Yes
0504380,Yes,No
0500067,Yes,No
0504410,Yes,Yes
0504560,Yes,Yes
0500009,Yes,No
0500405,Yes,Yes
0504740,Yes,No
0507740,Yes,Yes
0504800,Yes,No
0504890,No,Yes
0500072,Yes,Yes
0500049,Yes,No
0505170,Yes,No
0505190,Yes,No
0500001,Yes,No
0505340,Yes,Yes
0505430,Yes,No
0505500,Yes,No
0505550,Yes,No
0500048,Yes,No
0505680,Yes,No
0500068,Yes,No
0505850,Yes,No
0505970,Yes,No
0506150,Yes,Yes
0506210,Yes,No
0506240,Yes,No
0506270,Yes,No
0506330,Yes,No
0506360,Yes,No
0500029,Yes,No
0506870,Yes,No
0507110,Yes,Yes
0507170,Yes,No
0500042,Yes,No
0507230,No,Yes
0507350,Yes,No
0507530,Yes,No
0507560,Yes,No
0507620,Yes,Yes
0507680,Yes,No
0507710,Yes,Yes
0507770,Yes,No
0500071,Yes,Yes
0507840,Yes,No
0507860,Yes,No
0507890,Yes,No
0507990,Yes,No
0508130,Yes,No
0500061,Not in SIAPE,Yes
0500021,Yes,Yes
0513230,Yes,No
0500419,Yes,No
0508240,Yes,Yes
0508280,Yes,No
0508490,Yes,Yes
0500065,Yes,No
0508640,Yes,No
0500082,Yes,No
0503420,Yes,Yes
0509360,Yes,No
0509000,Yes,No
0500044,Yes,No
0509240,Yes,No
0509270,Yes,No
0509330,Yes,No
0509390,Yes,No
0509420,Yes,No
0509510,Yes,Yes
0509570,Yes,Yes
0509600,Yes,Yes
0509630,Yes,No
0509720,Yes,Yes
0509750,Yes,No
0500020,Yes,Yes
0509780,Yes,No
0509840,Yes,No
0509990,Yes,Yes
0510170,Yes,No
0510200,Yes,Yes
0510260,Yes,No
0510380,Yes,No
0510410,Yes,No
0510440,Yes,No
0500030,Yes,Yes
0500023,Yes,No
0500022,Not in SIAPE,Yes
0510680,Yes,No
0510920,Yes,Yes
0510950,Yes,No
0500073,Yes,No
0510980,Yes,No
0500076,Yes,Yes
0511010,Yes,No
0500432,Not in SIAPE,Yes
0500051,Yes,No
0511070,Yes,Yes
0511340,Yes,No
0511370,Yes,No
0500026,Yes,No
0511610,Yes,No
0511820,Yes,No
0504370,Yes,No
0500045,Yes,No
0508400,Yes,No
0512000,Yes,No
0512060,Yes,No
0512090,Yes,Yes
0509480,Yes,Yes
0512420,Yes,Yes
0512480,Yes,Yes
0512520,Yes,No
0510320,No,Yes
0512570,Yes,No
0512540,Yes,No
0512630,Yes,No
0500028,Yes,No
0512930,Yes,Yes
0512960,Yes,No
0513110,Yes,No
0500047,Yes,No
0500079,Yes,Yes
0513560,Yes,Yes
0513680,Yes,No
0500006,Yes,No
0513930,Yes,No
0508040,Yes,No
0514040,Yes,No
0500041,No,Yes
0514020,Yes,No
0514430,Yes,No
0514490,Yes,Yes
5900146,Not in SIAPE,No
2200030,Yes,No
2200060,Yes,No
2200120,Yes,No
2200150,Yes,No
2200210,Yes,Yes
2200300,Yes,No
2200330,Yes,No
2200360,Yes,Yes
2200420,Yes,Yes
2200040,Yes,No
2200240,Yes,No
2201080,Yes,No
2200450,Yes,No
2200480,Yes,No
2200510,Yes,No
2200540,Yes,No
2200570,Yes,No
2200600,Yes,No
2200630,Yes,No
2200660,Yes,No
2200690,Yes,No
2200720,Yes,No
2200750,Yes,No
2200780,Yes,No
2200810,Yes,No
2200840,Yes,No
2200870,Yes,No
2200900,Yes,No
2200960,Yes,Yes
2200990,Yes,No
2201050,Yes,No
2201110,Yes,No
2201140,Yes,No
2201170,Yes,No
2201200,Yes,No
2201260,Yes,No
2201290,Yes,No
2201320,Yes,Yes
2201350,Yes,No
2201380,Yes,No
2201410,Yes,No
2201470,Yes,No
2201500,Yes,No
2201530,Yes,No
2201560,Yes,No
2201590,Yes,No
2201620,Yes,No
2201680,Yes,No
2201710,Yes,Yes
2201740,Yes,No
2201770,Yes,No
2201800,Yes,No
2201830,No,Yes
2201860,Yes,No
2201890,Yes,No
2201920,Yes,No
2201950,Yes,Yes
2202010,Yes,No
5900046,Not in SIAPE,Yes
5900147,Not in SIAPE,No
5900087,Not in SIAPE,Yes
5900188,Not in SIAPE,Yes
5900155,Not in SIAPE,Yes
5900138,Not in SIAPE,No
5900179,Not in SIAPE,Yes
5900048,Not in SIAPE,Yes
5900098,Not in SIAPE,Yes
5900033,Not in SIAPE,No
5900195,Not in SIAPE,Yes
5900074,Not in SIAPE,No
5900081,Not in SIAPE,No
5900140,Not in SIAPE,No
5900069,Not in SIAPE,No
5900184,Not in SIAPE,Yes
5900050,Not in SIAPE,Yes
5900125,Not in SIAPE,Yes
5900167,Not in SIAPE,Yes
5900093,Not in SIAPE,No
5900044,Not in SIAPE,Yes
5900116,Not in SIAPE,No
5900157,Not in SIAPE,No
5900126,Not in SIAPE,No
5900162,Not in SIAPE,No
5900084,Not in SIAPE,Yes
5900108,Not in SIAPE,Yes
5900136,Not in SIAPE,Yes
5900151,Not in SIAPE,No
5900028,Not in SIAPE,No
5900075,Not in SIAPE,Yes
5900130,Not in SIAPE,No
5900174,Not in SIAPE,No
5900039,Not in SIAPE,No
5900177,Not in SIAPE,Yes
5900150,Not in SIAPE,Yes
5900191,Not in SIAPE,No
5900056,Not in SIAPE,Yes
5900060,Not in SIAPE,No
5900059,Not in SIAPE,No
5900119,Not in SIAPE,No
3500030,Yes,No
3500060,No,No
3500090,Yes,Yes
3500150,Yes,No
3500180,Yes,No
3500210,No,No
3500240,Yes,No
3500270,Yes,Yes
3500330,Yes,Yes
3500390,Yes,No
3500420,Yes,Yes
3500480,No,Yes
3500510,Yes,Yes
3500540,Yes,Yes
3500570,Yes,No
3500600,Yes,No
3500630,Yes,Yes
3500660,Yes,Yes
3500690,Yes,No
3500720,No,Yes
3500750,Yes,No
3500790,Yes,Yes
3500810,Yes,Yes
3500174,Not in SIAPE,Yes
3500840,Yes,Yes
3500900,Yes,No
3500930,Yes,Yes
3500990,Yes,No
3501020,Yes,Yes
3501050,Yes,Yes
3501080,Yes,No
3501110,Yes,Yes
3501140,No,Yes
3501170,Yes,No
3501200,Yes,Yes
3501230,Yes,Yes
3501260,Yes,No
3501290,No,Yes
3501320,Yes,Yes
3500179,Not in SIAPE,No
3501350,Yes,Yes
3501380,Yes,Yes
3501410,No,No
3501470,Yes,No
3501530,Yes,No
3501590,Yes,Yes
3501620,Yes,Yes
3501650,No,No
3501680,Yes,No
3501740,Yes,No
3501770,Yes,Yes
3501800,Yes,Yes
3500153,Not in SIAPE,No
3501830,Yes,Yes
3501980,Yes,Yes
3500186,Not in SIAPE,No
3501860,Yes,Yes
3501920,No,Yes
3501950,Yes,Yes
3502010,Yes,No
3502040,Yes,Yes
3502070,No,No
3502100,Yes,No
3502130,Yes,Yes
3502160,Yes,Yes
3502190,Yes,No
3500143,Not in SIAPE,Yes
3502220,Yes,Yes
3500176,Not in SIAPE,Yes
3502250,Yes,No
3502280,Yes,Yes
3502310,Yes,No
3502340,No,Yes
3502400,Yes,No
3502430,Yes,No
3500177,Not in SIAPE,No
3502460,Yes,No
3502490,Yes,Yes
3502610,Yes,No
3502520,Yes,No
3502550,Yes,Yes
3502580,Yes,No
3502640,Yes,No
3502670,Yes,No
3500001,Yes,Yes
3502730,Yes,Yes
3500158,Not in SIAPE,No
3501560,Yes,No
3502800,Yes,No
4009480,Yes,No
5900200,Not in SIAPE,No
4021840,No,No
5900163,Not in SIAPE,No
5900034,Not in SIAPE,No
4002430,Yes,No
4002520,Yes,No
4002580,Yes,Yes
4002720,No,Yes
4002760,No,Yes
4003000,Yes,No
4003060,Yes,Yes
4003180,Yes,No
4003210,Yes,No
4003240,No,Yes
4003300,No,Yes
4003360,Yes,Yes
4003510,No,Yes
4003660,Yes,Yes
4003690,Yes,No
4003750,No,Yes
4003840,Yes,No
4003930,Yes,Yes
4004350,Yes,No
4004360,No,Yes
4033603,Yes,Yes
4004470,Yes,No
4004630,Yes,No
4004650,Yes,No
4004830,Yes,No
4004860,Yes,Yes
4004950,Yes,No
4005010,Yes,No
4005040,Yes,Yes
4005130,Yes,No
4005160,Yes,No
4005280,Yes,No
4005340,Yes,No
4005430,Yes,No
4005460,No,No
4005520,Yes,No
4005580,Yes,No
4005760,No,Yes
4005820,Yes,Yes
4005910,No,Yes
4000014,Yes,Yes
4006000,Yes,No
4006060,No,No
4006120,No,No
4000051,Not in SIAPE,Yes
4006180,No,No
4006240,No,No
4006270,Yes,Yes
4006330,Yes,No
4006390,Yes,Yes
4006420,No,Yes
4006480,Yes,Yes
4000795,Not in SIAPE,Yes
4006630,Yes,Yes
4006930,Yes,No
4006960,Yes,No
4007320,Yes,No
4007350,Yes,No
4007380,Yes,No
4007410,No,Yes
4000755,Not in SIAPE,No
4007500,No,Yes
4007560,Yes,No
4000068,Not in SIAPE,Yes
4007800,Yes,Yes
4008010,Yes,No
4008070,Yes,No
4008130,Yes,Yes
4008220,Yes,No
4008250,Yes,No
4008310,No,Yes
4008460,Yes,No
4008490,Yes,No
4008640,Yes,No
4008730,Yes,Yes
4008790,No,Yes
4009060,Yes,No
4009090,No,Yes
4009150,Yes,No
4009300,Yes,No
4009360,Yes,No
4009390,No,No
4009420,No,No
4017020,No,Yes
4009720,Yes,No
4009750,Yes,No
4009780,Yes,No
4009810,Yes,No
4009910,No,No
4010050,Yes,No
4010200,Yes,No
4010260,Yes,Yes
4010290,Yes,No
4010350,Yes,No
4010440,Yes,No
4010650,No,No
4010710,No,No
4010740,Yes,No
4010860,No,Yes
4011040,Yes,Yes
4011160,Yes,Yes
4011250,Yes,No
4011280,No,Yes
4011400,Yes,Yes
4011430,No,Yes
4011580,Yes,Yes
4011700,Yes,No
4011850,Yes,No
4011880,No,Yes
4033602,Yes,Yes
4011970,No,No
4012000,Yes,Yes
4012300,Yes,Yes
4012060,Yes,Yes
4012150,Yes,No
4012180,Yes,Yes
4000020,No,Yes
4012390,Yes,No
4012420,No,Yes
4012570,Yes,Yes
4012630,Yes,No
4012720,No,No
4012750,Yes,No
4012900,Yes,Yes
4013080,Yes,No
4000782,Yes,No
4013230,Yes,No
4013200,Yes,No
4013290,Yes,No
4013530,Yes,No
4013500,No,No
4013600,No,No
4013650,Yes,Yes
4013680,Yes,Yes
4013740,Yes,Yes
4013830,No,Yes
4013920,Yes,No
4013950,Yes,No
4014080,Yes,No
4014100,Yes,No
4014130,No,Yes
4014160,Yes,No
4014340,No,Yes
4014370,Yes,No
4014610,Yes,Yes
4014700,Yes,No
4014730,Yes,No
4014790,Yes,No
4014850,Yes,Yes
4014890,Yes,No
4014970,No,No
4015090,No,Yes
4015120,Yes,No
4015210,Yes,No
4015240,Yes,No
4000032,Yes,No
4015370,Yes,No
4015420,No,No
4015450,No,Yes
4015690,Yes,No
4015900,No,No
4015990,Yes,Yes
4016320,Yes,Yes
4016350,Yes,No
4016380,Yes,No
4000033,Not in SIAPE,No
4000048,Not in SIAPE,Yes
4000069,Not in SIAPE,Yes
4016590,Yes,No
4016620,Yes,Yes
4016650,No,Yes
4016710,No,Yes
4016720,No,No
4017040,No,Yes
4017190,No,No
4017220,No,Yes
4017250,Yes,No
4017280,Yes,Yes
4017310,Yes,Yes
4017370,No,Yes
4017700,Yes,No
4017880,No,No
4018000,Yes,No
4022950,No,Yes
4018270,Yes,No
4018390,Yes,Yes
4018480,No,No
4018570,Yes,No
4018660,Yes,No
4018780,Yes,No
4018870,Yes,No
4018960,Yes,No
4018990,Yes,Yes
4019200,Yes,No
4019260,Yes,No
4019380,Yes,No
4019440,Yes,No
4019410,Yes,No
4019560,No,No
4019620,No,Yes
4019860,Yes,No
4019950,Yes,No
4019980,Yes,Yes
4020040,Yes,No
4020080,Yes,No
4020160,Yes,No
4020190,Yes,No
4020310,No,No
4029886,Yes,Yes
4020640,Yes,Yes
4020880,Yes,No
4020970,Yes,No
4021120,No,Yes
4021360,No,No
4021540,Yes,No
4000071,Not in SIAPE,Yes
4021930,Yes,No
4022410,Yes,Yes
4022560,Yes,No
4022650,Yes,Yes
4006850,Yes,No
4022770,Yes,No
4022800,Yes,No
4000797,Yes,No
4023340,Yes,Yes
4023370,Yes,No
4023400,Yes,No
4023580,Yes,No
4023610,Yes,Yes
4010560,Yes,No
4023730,Yes,Yes
4024180,No,Yes
4024330,No,No
4024630,Yes,No
4024690,Yes,No
4024720,No,Yes
4024840,Yes,No
4024870,Yes,No
4024930,No,Yes
4025050,No,No
4025290,Yes,No
4025320,Yes,No
4025410,Yes,Yes
4025500,Yes,Yes
4025530,Yes,No
4025590,Yes,Yes
4025800,Yes,Yes
4025860,Yes,Yes
4025920,No,Yes
4033601,Yes,No
4026250,No,No
4026280,No,Yes
4026310,Yes,No
4026550,Yes,No
4026580,Yes,No
4026610,Yes,Yes
4026730,Yes,No
4026790,Yes,No
4026940,Yes,Yes
4027000,No,No
4027240,No,Yes
4027300,Yes,No
4027330,Yes,No
4027420,No,No
4027450,Yes,No
4027540,No,Yes
4027570,Yes,No
4027630,No,Yes
4027640,No,No
4027840,Yes,Yes
4027930,Yes,No
4027960,Yes,No
4027990,No,No
4028200,Yes,No
4028350,No,No
4028620,Yes,Yes
4028650,Yes,No
4028710,Yes,No
4028800,No,No
4028920,No,Yes
4028980,No,Yes
4029010,No,Yes
4029070,No,Yes
4029100,No,Yes
4029310,No,Yes
4029380,Yes,No
4029400,Yes,Yes
4029430,No,Yes
4029610,No,No
4029640,Yes,No
4029670,Yes,No
4029760,Yes,Yes
4029820,No,Yes
4029850,Yes,No
4000015,Yes,Yes
4000013,No,Yes
4030030,Yes,No
4030060,Yes,Yes
4030120,Yes,No
4000757,Not in SIAPE,Yes
4030240,Yes,No
4030270,Yes,Yes
4030290,Yes,No
4030300,No,Yes
4030330,No,Yes
4030360,Yes,Yes
4030390,Yes,Yes
4030480,Yes,No
4030870,Yes,Yes
4030960,No,No
4030990,No,No
4031020,No,Yes
4031080,Yes,No
4031140,Yes,No
4031170,No,Yes
4031290,Yes,No
4031470,Yes,No
4031500,Yes,No
4031590,Yes,Yes
4031650,Yes,Yes
4031770,No,No
4031860,Yes,No
4031980,Yes,Yes
4032040,No,Yes
4032130,Yes,Yes
4032190,Yes,Yes
4032220,Yes,No
4000065,Not in SIAPE,Yes
4032370,Yes,No
4000094,Not in SIAPE,Yes
4032400,Yes,No
4032430,Yes,Yes
4032460,Yes,No
4032700,Yes,No
4032730,Yes,Yes
4032760,Yes,Yes
4032790,Yes,No
4032880,Yes,No
4032940,No,Yes
4032970,Yes,No
4033090,No,No
4030048,No,Yes
4033210,Yes,Yes
4033240,Yes,No
4033360,Yes,No
4033390,Yes,Yes
4033540,No,Yes
4033600,No,No
4807440,Yes,No
4807500,Yes,Yes
4807680,No,Yes
4807710,Yes,No
4807800,Yes,No
4807830,Yes,No
4807980,Yes,No
4808130,Yes,No
4808160,Yes,No
4808430,Yes,No
4808460,Yes,No
4808550,Yes,No
4808580,Yes,No
4800006,Yes,Yes
4808870,Yes,No
4808880,Yes,No
4809000,Yes,No
4809060,No,Yes
4809090,Yes,No
4809300,Yes,No
4809330,No,Yes
4809390,Yes,No
4809410,Yes,No
4809540,Yes,No
4809630,Yes,No
4809670,Yes,No
4809720,Yes,No
4899130,Yes,Yes
4809980,Yes,Yes
4810140,Yes,No
4810170,No,Yes
4810200,Yes,No
4800227,Not in SIAPE,Yes
4810260,Yes,No
4800005,No,Yes
4810380,Yes,No
4810440,Yes,No
4810470,Yes,No
4810500,Yes,No
4810620,No,Yes
4810830,No,Yes
4810860,No,Yes
4810950,Yes,Yes
4811040,No,Yes
4811070,Yes,No
4811110,Yes,No
4811220,Yes,No
4811250,No,Yes
4811430,Yes,Yes
4811490,Yes,Yes
4811520,Yes,Yes
4811550,No,Yes
4811580,Yes,No
4811610,Yes,No
4811680,Yes,No
4811700,Yes,No
4811790,Yes,No
4811820,No,Yes
4811850,Yes,No
4811910,No,Yes
4811990,Yes,Yes
4812090,Yes,No
4812150,Yes,Yes
4812480,Yes,No
4812540,Yes,No
4812640,Yes,No
4812780,Yes,No
4812870,Yes,No
4812990,Yes,No
4813170,Yes,No
4813200,No,Yes
4813320,Yes,No
4813350,Yes,No
4813380,Yes,Yes
4813410,Yes,Yes
4813500,Yes,No
4813590,Yes,No
4813620,No,Yes
4813710,Yes,No
4813740,No,Yes
4813770,No,Yes
4813860,Yes,No
4813890,Yes,Yes
4813920,Yes,No
4813980,Yes,Yes
4800012,Yes,No
4814070,Yes,No
4814160,Yes,Yes
4814190,Yes,No
4814370,Yes,No
4814430,Yes,No
4814520,Yes,No
4814550,Yes,No
4814600,Yes,No
4814640,Yes,No
4814760,Yes,No
4814820,Yes,No
4814880,Yes,No
4814920,Yes,Yes
4814970,Yes,No
4815120,Yes,No
4815150,Yes,Yes
4815270,Yes,No
4815300,Yes,Yes
4815330,Yes,No
4815360,Yes,No
4815400,Yes,No
4815570,Yes,Yes
4815690,Yes,No
4815720,Yes,No
4800001,Yes,Yes
4815810,Yes,Yes
4815870,Yes,Yes
4815930,Yes,No
4815960,Yes,No
4815990,Yes,Yes
4816080,Yes,Yes
4816180,Yes,No
4816230,Yes,No
4816260,Yes,No
4816320,Yes,Yes
4816380,Yes,Yes
4816350,Yes,Yes
4816440,Yes,Yes
4816570,Yes,No
4816620,Yes,No
4816650,Yes,Yes
4816890,Yes,Yes
4816950,Yes,No
4816980,Yes,No
4816140,Yes,No
4817040,Yes,No
4817100,Yes,No
4817130,No,Yes
4817160,Yes,No
4817190,No,Yes
4817390,Yes,No
4817400,No,Yes
4817460,No,Yes
4817550,Yes,No
4817580,Yes,No
4817730,Yes,No
4817960,Yes,No
4818000,Yes,No
4818060,Yes,No
4818070,Yes,Yes
4818150,Yes,No
4818180,Yes,No
4818210,Yes,No
4818280,Yes,No
4818300,Yes,No
4818330,Yes,No
4818390,Yes,No
4818660,Yes,Yes
4818720,Yes,No
4818780,Yes,Yes
4818810,Yes,No
4818840,Yes,Yes
4818890,No,Yes
4818900,Yes,No
4818940,Yes,No
4819050,Yes,Yes
4819140,No,Yes
4819280,No,Yes
4819440,Yes,No
4819500,Yes,Yes
4819530,Yes,Yes
4811400,No,Yes
4820190,Yes,No
4819700,Yes,No
4819770,Yes,No
4819820,Yes,Yes
4820040,Yes,No
4820070,Yes,No
4820100,Yes,Yes
4820130,Yes,Yes
4820220,Yes,No
4820250,Yes,No
4820280,Yes,No
4820400,Yes,Yes
4820460,Yes,No
4820550,Yes,Yes
4820700,Yes,No
4820760,Yes,No
4820790,No,Yes
4821000,No,Yes
4821030,Yes,No
4821060,Yes,No
4821090,Yes,No
4821150,Yes,No
4821180,Yes,Yes
4821270,Yes,Yes
4821330,Yes,Yes
4821450,Yes,No
4821480,No,Yes
4821560,No,Yes
4821630,Yes,Yes
4821810,Yes,No
4821840,No,Yes
4821900,Yes,Yes
4821930,No,Yes
4821990,Yes,Yes
4822020,No,Yes
4822050,Yes,No
4822120,No,Yes
4822260,Yes,Yes
4822470,Yes,No
4822530,Yes,No
4822590,No,Yes
4822620,Yes,No
4822650,Yes,Yes
4822680,No,Yes
4822740,Yes,No
4822770,Yes,No
4822830,Yes,No
4822850,Yes,Yes
4822890,Yes,Yes
4822920,Yes,No
4822970,Yes,No
4823010,Yes,No
4823070,Yes,Yes
4823100,Yes,No
4823160,No,Yes
4835560,Yes,No
4823280,Yes,No
4823310,Yes,No
4823430,Yes,No
4823460,No,Yes
4823490,Yes,No
4823640,Yes,No
4823760,Yes,No
4823790,Yes,No
4823850,Yes,No
4824000,Yes,No
4824030,Yes,No
4824210,Yes,No
4824330,Yes,Yes
4824360,No,Yes
4824590,Yes,No
4824630,Yes,No
4824660,No,Yes
4824730,Yes,No
4824750,Yes,No
4824810,Yes,Yes
4824900,No,Yes
4825020,Yes,No
4825110,Yes,No
4825140,Yes,No
4825290,No,Yes
4825410,No,Yes
4825440,Yes,No
4825470,Yes,Yes
4825530,Yes,Yes
4825560,Yes,No
4825620,Yes,No
4825680,Yes,No
4825710,Yes,Yes
4825790,No,Yes
4825800,Yes,No
4825870,Yes,Yes
4825890,No,Yes
4825950,Yes,No
4826040,Yes,No
4826070,Yes,No
4826130,Yes,No
4826250,Yes,Yes
4826280,Yes,No
4826340,Yes,No
4826490,Yes,No
4826610,Yes,No
4826700,Yes,No
4826220,Yes,No
4826790,Yes,No
4826850,Yes,No
4826910,Yes,No
4826970,Yes,Yes
4827000,Yes,Yes
4827060,Yes,No
4827090,Yes,No
4827120,Yes,No
4827180,Yes,Yes
4827240,Yes,No
4827270,Yes,No
4827330,No,Yes
4827390,Yes,No
4827540,Yes,Yes
4827600,Yes,No
4827630,No,Yes
4827750,Yes,No
4827780,Yes,No
4827810,Yes,No
4827890,Yes,Yes
4827930,Yes,Yes
4827960,Yes,Yes
4828110,Yes,No
4828140,Yes,Yes
4828170,Yes,No
4828230,Yes,No
4828290,Yes,No
4828350,Yes,No
4828410,No,Yes
4828500,Yes,No
4828550,Yes,No
4828620,Yes,No
4828650,Yes,No
4828680,Yes,No
4828710,Yes,No
4828780,Yes,No
4828800,Yes,No
4828980,No,Yes
4829040,Yes,Yes
4829130,Yes,No
4829160,Yes,No
4829250,Yes,Yes
4829280,No,Yes
4829370,Yes,Yes
4829400,Yes,No
4829520,No,Yes
4829670,Yes,No
4829700,Yes,Yes
4829880,Yes,Yes
4829910,Yes,No
4829940,No,Yes
4830030,Yes,Yes
4830180,Yes,Yes
4830210,Yes,Yes
4830250,Yes,No
4830300,No,Yes
4830340,Yes,No
4830390,Yes,No
4830420,Yes,No
4830480,No,Yes
4830660,Yes,No
4830810,No,Yes
4830950,Yes,No
4831040,Yes,No
4831230,Yes,No
4831320,No,Yes
4831380,Yes,Yes
4831410,No,Yes
4831470,Yes,Yes
4831500,Yes,Yes
4831560,No,Yes
4831650,Yes,Yes
4831760,Yes,No
4831860,No,Yes
4831890,Yes,No
4831920,Yes,Yes
4831950,Yes,No
4831970,Yes,Yes
4832010,Yes,No
4832090,Yes,No
4832130,Yes,No
4832190,Yes,No
4832220,No,Yes
4832340,Yes,No
4832610,Yes,No
4832730,Yes,Yes
4832740,Yes,Yes
4832880,No,Yes
4832910,No,Yes
4832970,Yes,No
4833030,Yes,No
4833240,Yes,Yes
4833340,Yes,Yes
4833360,Yes,No
4833390,Yes,Yes
4833570,Yes,No
4833630,Yes,No
4833660,Yes,Yes
4833690,Yes,No
4833720,Yes,No
4833840,Yes,No
4833870,Yes,No
4833900,Yes,Yes
4833960,Yes,No
4833980,Yes,Yes
4834020,Yes,No
4834050,Yes,No
4834140,Yes,No
4834170,Yes,No
4800007,Yes,Yes
4834290,Yes,No
4834320,Yes,No
4834380,Yes,Yes
4834410,Yes,Yes
4834470,Yes,No
4834550,Yes,No
4834630,No,Yes
4834680,Yes,No
4834770,Yes,No
4834800,Yes,No
4834860,Yes,No
4834980,Yes,No
4835010,Yes,No
4835040,No,Yes
4835070,Yes,No
4841580,Yes,No
4835250,Yes,No
4835400,Yes,No
4835490,Yes,No
4835520,Yes,No
4835760,Yes,No
4835800,Yes,No
4835820,Yes,Yes
4835890,Yes,Yes
4835910,Yes,No
4836180,Yes,Yes
4836210,Yes,No
4836240,Yes,No
4836390,Yes,No
4836420,Yes,Yes
4836480,Yes,Yes
4836510,No,Yes
4836540,Yes,No
4836780,Yes,No
4836930,Yes,No
4836970,Yes,No
4836960,Yes,No
4837080,Yes,Yes
4837140,Yes,No
4837170,Yes,No
4837230,Yes,Yes
4842120,Yes,Yes
4837320,Yes,Yes
4837380,Yes,No
4837440,Yes,No
4837470,No,Yes
4837500,Yes,No
4837590,Yes,No
4800003,Yes,Yes
4837740,Yes,No
4837900,Yes,No
4838040,Yes,Yes
4838100,No,Yes
4838190,Yes,No
4838280,Yes,No
4838310,Yes,No
4838360,Yes,No
4838430,Yes,Yes
4838490,Yes,No
4838520,No,Yes
4838610,Yes,No
4838730,Yes,No
4838760,Yes,Yes
4838790,Yes,No
4838820,Yes,No
4838850,Yes,No
4838900,Yes,No
4838910,Yes,No
4838970,Yes,No
4839000,Yes,No
4839030,Yes,No
4839060,Yes,Yes
4839120,No,Yes
4839210,Yes,No
4839300,Yes,No
4839330,Yes,No
4839360,Yes,No
4839390,No,Yes
4839510,No,Yes
4839600,Yes,Yes
4839690,Yes,No
4839780,Yes,Yes
4839900,Yes,Yes
4839930,Yes,No
4839960,Yes,No
4839990,Yes,No
4840020,Yes,No
4840200,Yes,Yes
4840290,Yes,Yes
4840350,Yes,No
4840380,No,Yes
4840410,Yes,No
4840440,Yes,No
4840500,Yes,Yes
4840590,Yes,No
4840620,Yes,No
4840710,Yes,No
4840740,Yes,No
4840770,Yes,No
4840680,Yes,No
4840890,Yes,No
4840920,Yes,No
4840950,Yes,No
4841220,Yes,No
4841250,Yes,Yes
4800002,Yes,Yes
4841340,No,Yes
4841400,Yes,No
4841550,No,Yes
4841670,No,Yes
4841700,Yes,Yes
4841760,No,Yes
4841790,No,Yes
4842030,Yes,No
4842060,Yes,No
4842090,Yes,No
4842210,Yes,No
4842240,Yes,No
4842300,Yes,No
4842330,Yes,No
4842360,Yes,No
4842390,Yes,Yes
4842420,No,Yes
4842480,Yes,No
4842510,Yes,No
4842540,No,Yes
4842570,No,Yes
4842690,Yes,Yes
4842720,Yes,No
4842780,Yes,Yes
4842810,Yes,No
4842840,Yes,Yes
4842990,Yes,No
4843110,Yes,No
4843200,Yes,No
4843320,Yes,No
4843400,Yes,Yes
4843650,Yes,No
4843680,Yes,Yes
4843720,Yes,No
4843740,Yes,Yes
4843800,Yes,No
4843950,Yes,No
4843980,No,Yes
4844250,No,Yes
4844280,Yes,No
4844310,Yes,Yes
4844370,No,Yes
4844520,Yes,Yes
4844670,Yes,No
4844810,Yes,Yes
4844890,Yes,Yes
4844910,Yes,No
4844940,Yes,No
4844960,Yes,No
4845090,Yes,No
4845120,Yes,No
4845150,Yes,No
4845180,Yes,Yes
4845210,Yes,No
4845240,Yes,Yes
4843290,Yes,No
4845380,Yes,No
4845420,No,Yes
4845450,No,Yes
4845570,No,Yes
4845720,Yes,No
4845990,Yes,No
4846200,Yes,No
4846230,Yes,No
4846260,Yes,No
4846350,No,Yes
4846380,Yes,No
4846410,Yes,Yes
4846440,Yes,No
4846470,Yes,No
4846590,Yes,Yes
4846620,Yes,No
4846650,Yes,Yes
4846680,Yes,No
4846710,Yes,No
4846740,Yes,Yes
5900196,Not in SIAPE,No
1903090,No,Yes
1903060,No,Yes
1904080,No,Yes
1900031,Yes,Yes
1903780,No,Yes
1903960,No,Yes
1904560,No,Yes
1904620,No,Yes
1909570,No,Yes
1905490,No,Yes
1905790,Yes,No
1905940,No,Yes
1906840,No,Yes
1906900,No,Yes
1907110,No,Yes
1907710,Yes,No
1908070,No,Yes
1908130,No,Yes
1908610,No,Yes
1909060,No,Yes
1929580,No,Yes
1910690,No,Yes
1910980,No,Yes
1911250,No,Yes
1912230,No,Yes
1912480,No,Yes
1913230,No,Yes
1913320,No,Yes
1913440,No,Yes
1913660,No,Yes
1913380,No,Yes
1914880,No,Yes
1915630,Yes,No
1915660,No,Yes
1999001,Not in SIAPE,Yes
1916110,No,Yes
1916320,Yes,Yes
1916420,No,Yes
1916620,No,Yes
1917880,No,Yes
1918030,No,Yes
1918480,No,Yes
1918630,No,Yes
1918930,No,Yes
1918120,No,Yes
1919200,No,Yes
1919590,No,Yes
1919740,Yes,Yes
1919770,No,Yes
1919860,No,Yes
1913110,No,Yes
1900006,No,Yes
1905750,No,Yes
1920830,No,Yes
1903850,No,Yes
1921210,No,Yes
1921600,No,Yes
1900025,No,Yes
1922440,No,Yes
1923190,No,Yes
1923340,Yes,Yes
1999005,Not in SIAPE,Yes
1900028,No,Yes
1924150,No,Yes
1910340,No,Yes
1924960,No,Yes
1925050,No,Yes
1925380,No,Yes
1925620,Yes,Yes
1926280,No,Yes
1900023,No,Yes
1926400,Yes,No
1900024,No,Yes
1900026,No,Yes
1926670,Yes,No
1926730,No,No
1927270,No,Yes
1928020,No,Yes
1928110,No,Yes
1928980,Yes,Yes
1929280,Yes,Yes
1929730,No,Yes
1930560,No,Yes
1930720,No,Yes
1931290,No,Yes
1931830,No,Yes
1931920,No,Yes
5900103,Not in SIAPE,No
2003430,No,Yes
2003510,No,Yes
2005700,No,Yes
2003570,Yes,Yes
2009450,No,Yes
2000012,No,Yes
2004080,No,Yes
2004140,Yes,Yes
2004380,Yes,Yes
2004410,No,Yes
2004500,No,Yes
2004230,No,Yes
2000349,No,Yes
2008940,No,Yes
2003390,No,Yes
2005250,No,Yes
2004650,Yes,No
2000369,Not in SIAPE,Yes
2011520,Yes,Yes
2004770,Yes,Yes
2004790,Yes,Yes
2004800,No,Yes
2004950,No,Yes
2004980,Yes,No
2005040,No,Yes
2005190,No,Yes
2005370,No,Yes
2005400,No,Yes
2005520,No,Yes
2005550,No,Yes
2005760,Yes,Yes
2005790,No,Yes
2005850,No,Yes
2006000,Yes,Yes
2008310,No,Yes
2006210,No,Yes
2006270,Yes,No
2006360,Yes,No
2006480,Yes,No
2011040,No,Yes
2007260,No,Yes
2006660,Yes,No
2006690,No,Yes
2006780,No,Yes
2006870,No,Yes
2006990,No,Yes
2007080,No,Yes
2007110,Yes,Yes
2007800,No,Yes
2007320,Yes,No
2007530,No,Yes
2007680,No,Yes
2007740,Yes,No
2007750,No,Yes
2007950,Yes,No
2008100,No,Yes
2006720,No,Yes
2008190,No,Yes
2008220,No,Yes
2008280,No,Yes
2000382,Not in SIAPE,Yes
2012810,No,Yes
2008610,No,Yes
2008700,No,Yes
2008790,No,Yes
2008880,No,Yes
2008910,No,Yes
2009060,No,Yes
2009090,No,Yes
2009480,No,Yes
2000040,Not in SIAPE,Yes
2009660,No,Yes
2000370,Not in SIAPE,Yes
2009420,No,Yes
2009600,No,Yes
2009630,No,Yes
2005280,No,Yes
2009720,No,Yes
2000353,No,Yes
2009900,Yes,No
2009930,No,Yes
2009570,No,Yes
2003480,Yes,No
2000046,Not in SIAPE,Yes
2010050,No,Yes
2010080,No,Yes
2010170,No,Yes
2010290,No,Yes
2010350,No,Yes
2004020,No,Yes
2010470,Yes,Yes
2009850,No,Yes
2010560,Yes,No
2011280,No,Yes
2010590,No,Yes
2005310,No,Yes
2010710,Yes,No
2010740,No,Yes
2010770,No,Yes
2008250,No,Yes
2010950,No,Yes
2000023,No,Yes
2000030,No,Yes
2000029,No,Yes
2011190,No,Yes
2009320,No,No
2011400,No,Yes
2000007,No,Yes
2008130,Yes,Yes
2007470,Yes,Yes
2011790,No,Yes
2006510,No,Yes
2000347,Not in SIAPE,Yes
2011820,No,Yes
2011880,No,Yes
2011910,No,Yes
2011970,Yes,Yes
2007860,No,Yes
2012060,No,Yes
2012090,No,Yes
2012120,No,Yes
2012150,No,Yes
2000346,No,Yes
2012260,Yes,No
2000013,No,Yes
2003960,No,Yes
2012450,Yes,Yes
2012780,No,Yes
2004560,No,Yes
2004470,No,Yes
2012630,No,Yes
2011610,No,Yes
2000028,No,Yes
2012900,Yes,Yes
2007500,Yes,Yes
2000020,No,Yes
2006630,No,Yes
2013110,No,Yes
2905790,Yes,No
2902970,No,Yes
2903060,Yes,Yes
2903120,No,Yes
2903150,Yes,No
2904050,Yes,No
2904140,Yes,Yes
2904170,No,Yes
2904530,Yes,No
2904590,Yes,No
2904950,Yes,No
2904980,Yes,No
2905130,Yes,No
2905190,No,Yes
2905280,Yes,No
2905610,Yes,Yes
2905700,Yes,No
2905760,Yes,No
2905820,No,Yes
2905850,Yes,Yes
2905940,Yes,No
2906030,Yes,Yes
2906090,Yes,No
2906170,Yes,Yes
2906360,Yes,No
2906430,Yes,No
2906450,Yes,Yes
2906480,Yes,No
2907050,Yes,No
2907080,No,Yes
2907470,Yes,No
2908170,Yes,No
2908340,Yes,Yes
2929170,Yes,No
2908430,Yes,No
2908460,Yes,No
2908670,Yes,No
2908730,Yes,Yes
2916380,No,Yes
2909090,Yes,No
2909120,Yes,No
2909750,Yes,Yes
2909810,Yes,Yes
2909900,No,Yes
2910200,Yes,Yes
2910230,No,Yes
2910260,Yes,Yes
2910290,Yes,No
2905640,Yes,No
2906120,Yes,No
2905730,Yes,No
2910710,Yes,No
2910920,Yes,Yes
2910950,Yes,Yes
2911100,Yes,Yes
2930420,Yes,No
2911220,Yes,No
2911310,Yes,No
2911340,Yes,No
2911450,Yes,Yes
2911580,Yes,No
2911670,Yes,No
2911730,Yes,No
2911760,No,Yes
2912010,Yes,No
2912180,Yes,No
2912240,Yes,No
2912600,Yes,Yes
2912630,Yes,No
2912660,Yes,Yes
2912720,Yes,Yes
2914280,No,Yes
2912780,Yes,No
2912840,Yes,Yes
2912870,No,Yes
2913230,Yes,Yes
2913260,Yes,No
2913320,Yes,Yes
2913380,Yes,Yes
2912690,Yes,Yes
2913500,No,Yes
2913590,No,Yes
2913620,Yes,No
2913770,Yes,Yes
2913800,Yes,No
2914310,Yes,Yes
2914340,Yes,No
2914320,Yes,Yes
2914370,Yes,No
2914460,Yes,No
2914520,No,Yes
2914550,Yes,No
2914840,Yes,Yes
2915240,No,Yes
2915300,Yes,Yes
2915330,No,Yes
2915420,No,Yes
2915510,No,Yes
2916290,Yes,No
2916350,Yes,No
2915060,Yes,No
2916400,Yes,No
2916500,Yes,No
2916530,No,Yes
2916620,Yes,Yes
2931140,Yes,No
2911280,Yes,Yes
2916950,Yes,Yes
2910110,Yes,No
2910520,Yes,No
2918450,Yes,Yes
2918460,No,Yes
2918480,Yes,No
2918600,Yes,Yes
2918670,Yes,No
2906000,No,Yes
2919140,No,Yes
2919200,Yes,No
2919260,Yes,No
2923400,Yes,Yes
2919380,No,Yes
2921880,Yes,Yes
2919840,Yes,Yes
2919890,Yes,No
2919950,No,Yes
2919980,Yes,Yes
2900001,Yes,Yes
2920280,No,Yes
2920340,Yes,Yes
2920370,Yes,No
2920610,Yes,No
2920640,No,Yes
2920820,No,Yes
2920840,No,Yes
2920880,Yes,No
2920940,No,Yes
2921120,Yes,No
2921180,Yes,No
2921210,No,Yes
2921360,No,Yes
2929610,Yes,Yes
2930840,Yes,Yes
2921480,Yes,Yes
2921510,Yes,No
2921540,Yes,Yes
2921720,Yes,Yes
2921750,Yes,Yes
2921840,Yes,No
2900004,Yes,No
2922110,No,Yes
2922140,Yes,No
2922470,No,Yes
2922500,Yes,No
2922560,No,Yes
2922650,Yes,No
2915630,Yes,Yes
2922770,No,Yes
2920750,No,Yes
2921690,No,Yes
2923760,Yes,No
2928140,No,Yes
2905430,Yes,No
2910650,Yes,No
2927600,Yes,No
2922920,No,Yes
2922950,Yes,No
2923040,Yes,No
2927450,Yes,No
2916860,Yes,No
2908490,Yes,No
2923270,Yes,Yes
2923530,No,Yes
2923670,Yes,Yes
2923790,Yes,No
2915270,No,Yes
2924690,Yes,No
2925080,Yes,Yes
2925140,No,Yes
2911040,Yes,No
2925210,No,Yes
2925450,Yes,No
2900003,Yes,No
2925500,Yes,No
2925530,Yes,No
2925590,No,Yes
2925620,Yes,No
2925640,Yes,Yes
2925650,Yes,Yes
2925710,No,Yes
2926040,Yes,Yes
2926160,Yes,No
2926190,Yes,No
2926310,Yes,No
2926400,Yes,No
2926430,Yes,No
2931230,Yes,No
2926490,Yes,No
2926550,Yes,Yes
2926580,Yes,Yes
2926640,Yes,No
2926670,Yes,No
2926790,No,Yes
2926940,Yes,Yes
2927090,Yes,No
2927520,No,Yes
2927540,Yes,No
2927660,Yes,Yes
2920700,No,Yes
2921420,Yes,No
2927830,Yes,No
2927870,Yes,No
2927930,Yes,No
2928110,No,Yes
2928170,Yes,Yes
2928200,Yes,No
2928260,Yes,No
2911010,Yes,Yes
2900002,Yes,No
2928470,Yes,Yes
2928530,Yes,No
2928590,Yes,Yes
2928620,Yes,No
2928710,Yes,No
2928770,Yes,No
2927060,Yes,No
2929280,Yes,No
2929340,No,Yes
2929520,Yes,Yes
2929580,Yes,Yes
2929700,Yes,No
2929730,Yes,Yes
2929810,Yes,Yes
2929880,No,Yes
2929910,Yes,No
2929940,No,Yes
2930270,Yes,No
2923370,Yes,Yes
2930300,No,Yes
2930360,Yes,No
2930390,No,Yes
2930520,Yes,No
2930750,Yes,Yes
2930780,Yes,No
2930810,Yes,No
2931070,Yes,No
2931460,Yes,Yes
2931680,Yes,No
2918240,Yes,No
2931920,Yes,Yes
2931950,Yes,No
2932070,Yes,Yes
2932220,Yes,Yes
2919350,Yes,No
2932300,No,Yes
2932490,Yes,Yes
3102790,No,Yes
3100080,No,Yes
3100070,No,Yes
3103060,No,Yes
3103090,No,Yes
3103120,No,Yes
3100073,No,Yes
3103210,No,Yes
3103440,Yes,Yes
3100067,No,Yes
3100090,No,Yes
3104020,No,Yes
3104140,No,Yes
3104200,No,Yes
3102820,No,Yes
3100187,No,Yes
3104290,No,Yes
3100105,No,Yes
3100124,No,Yes
3104640,No,Yes
3100012,No,Yes
3100015,No,Yes
3100099,No,Yes
3104920,No,No
3100185,No,Yes
3105010,No,Yes
3100163,No,Yes
3105160,No,Yes
3105280,No,Yes
3105520,Yes,Yes
3100140,No,Yes
3105550,No,Yes
3105630,No,Yes
3100130,No,Yes
3105910,No,Yes
3100125,No,Yes
3100077,Yes,Yes
3180080,Not in SIAPE,Yes
3180170,Not in SIAPE,Yes
3170050,No,Yes
3100025,No,Yes
3170140,No,Yes
3170220,No,Yes
3100111,No,Yes
3100133,No,Yes
3100118,No,Yes
3100065,No,Yes
3100096,No,Yes
3100091,No,Yes
3170800,Yes,Yes
3100170,Yes,Yes
3171520,No,Yes
3171610,No,Yes
3109120,Yes,Yes
3100117,No,Yes
3171730,No,Yes
3100123,No,Yes
3100183,No,Yes
3100179,No,Yes
3172150,No,Yes
3172210,No,Yes
3176400,Yes,Yes
3100176,No,Yes
3172480,Yes,Yes
3172570,No,Yes
3100004,No,Yes
3172720,No,Yes
3172780,No,Yes
3100072,No,Yes
3172910,No,Yes
3100114,No,Yes
3173090,No,Yes
3173120,Yes,Yes
3173210,No,Yes
3173230,No,Yes
3100023,No,Yes
3173440,No,Yes
3173560,No,Yes
3173600,No,Yes
3173660,No,Yes
3100097,No,Yes
3174040,No,Yes
3174220,No,Yes
3174340,No,Yes
3174370,Yes,Yes
3100154,Not in SIAPE,Yes
3174640,No,Yes
3174940,No,Yes
3175000,No,Yes
3175030,No,Yes
3175330,No,Yes
3175360,No,Yes
3175390,No,Yes
3100157,No,Yes
3175510,No,Yes
3175570,No,Yes
3175690,No,Yes
3175810,No,Yes
3175930,No,Yes
3175960,No,Yes
3175990,No,Yes
3100184,No,Yes
3176170,No,Yes
3176380,No,Yes
3176410,No,Yes
3100076,No,Yes
3176590,No,Yes
3176650,No,Yes
3100066,No,Yes
3176800,Yes,Yes
3100122,No,Yes
3100110,No,Yes
3100109,No,Yes
3176980,No,Yes
3177100,No,Yes
3100082,No,Yes
3100189,No,Yes
3177340,No,Yes
3100029,No,Yes
3100024,No,Yes
3177520,No,Yes
3100071,No,Yes
3100132,No,Yes
3177730,No,Yes
3100129,No,Yes
3119560,Yes,No
3178120,Yes,Yes
3178260,No,Yes
3178300,Yes,No
3100018,No,Yes
3178450,No,Yes
3100172,No,Yes
3178670,No,Yes
3100134,No,Yes
3178810,Yes,No
3100008,No,Yes
3178990,No,Yes
0801980,No,Yes
0802010,Yes,Yes
0802040,No,Yes
0802070,Yes,No
0802220,No,Yes
0802260,No,Yes
0806600,No,Yes
0802520,No,Yes
0802760,Yes,Yes
0806360,Yes,Yes
0802850,Yes,Yes
0802880,Yes,No
0800001,No,Yes
0803150,No,Yes
0803180,Yes,No
0803210,Yes,Yes
0807200,Yes,Yes
0803270,No,Yes
0803420,No,Yes
0899080,Not in SIAPE,Yes
0800234,Not in SIAPE,Yes
0804320,No,Yes
0805130,Yes,No
0803630,No,Yes
0804110,Yes,Yes
0803120,No,Yes
0804740,No,Yes
0804290,Yes,Yes
0804560,Yes,Yes
0804590,No,Yes
0804620,No,Yes
0806510,Yes,Yes
0804680,No,Yes
0804710,No,Yes
0807080,Yes,No
0800018,No,Yes
0804770,Yes,No
0804890,Yes,Yes
0804980,No,Yes
0803510,No,Yes
0806930,No,Yes
0805040,Yes,Yes
0805160,Yes,Yes
0805220,Yes,No
0805250,Yes,No
0800019,Yes,Yes
0805280,No,Yes
0805340,No,Yes
0805460,No,Yes
0805520,Yes,No
0805580,No,Yes
0805610,No,Yes
0805670,Yes,Yes
0805700,Yes,Yes
0805760,Yes,No
0803090,Yes,No
0806300,Yes,Yes
0805100,Yes,Yes
0807050,Yes,Yes
0899180,Not in SIAPE,Yes
0800229,Not in SIAPE,Yes
0805880,No,Yes
0805940,No,Yes
0805970,No,Yes
0803840,No,Yes
0807260,Yes,Yes
0806090,Yes,Yes
0806120,Yes,No
0806180,No,Yes
0806000,No,Yes
0806210,No,Yes
0899280,Not in SIAPE,Yes
0800277,Not in SIAPE,Yes
0806270,Yes,No
0806390,No,Yes
0806420,No,Yes
0806450,Yes,No
0806780,No,Yes
0806720,No,Yes
0804440,No,Yes
0803930,No,Yes
0806030,No,Yes
0807290,No,Yes
0804140,Yes,Yes
0806570,Yes,Yes
0802130,Yes,Yes
0805910,No,Yes
0806630,Yes,Yes
0806840,Yes,No
0806870,No,Yes
0806960,Yes,No
0800013,Not in SIAPE,Yes
0800262,Not in SIAPE,Yes
0803300,No,Yes
0806990,Yes,Yes
0807110,Yes,Yes
0805850,Yes,Yes
0805070,No,Yes
0807410,Yes,Yes
0800017,No,Yes
5900041,Not in SIAPE,Yes
5900178,Not in SIAPE,No
3001710,No,Yes
3001740,No,Yes
3017460,No,Yes
3001950,No,Yes
3002220,No,No
3002250,No,No
3002300,No,Yes
3000008,Yes,Yes
3002490,No,Yes
3002430,Yes,Yes
3002450,No,Yes
3002550,Yes,Yes
3002570,Yes,Yes
3002640,No,Yes
3002730,No,Yes
3002820,No,Yes
3000012,Not in SIAPE,Yes
3003000,No,Yes
3003270,Yes,Yes
3003600,No,Yes
3003750,No,Yes
3000654,No,Yes
3003800,No,Yes
3003820,No,Yes
3003840,No,Yes
3003990,Yes,Yes
3000011,Not in SIAPE,Yes
3004200,No,Yes
3004380,No,Yes
3004440,Yes,Yes
3004500,No,Yes
3004800,No,Yes
3000006,No,Yes
3000013,Not in SIAPE,Yes
3005010,Yes,Yes
3005040,Yes,Yes
3005140,Yes,No
3005190,Yes,No
3005330,Yes,Yes
3000074,Not in SIAPE,Yes
3000014,Not in SIAPE,Yes
3005550,No,Yes
3000015,Not in SIAPE,Yes
3005610,No,Yes
3006112,No,Yes
3006115,No,Yes
3000098,No,Yes
3000101,No,Yes
3006260,No,Yes
3006270,No,Yes
3006320,No,Yes
3006330,No,Yes
3000018,Not in SIAPE,Yes
3000001,Not in SIAPE,Yes
3006790,Yes,Yes
3006810,No,Yes
3004050,No,Yes
3007030,No,Yes
3007050,No,Yes
3007080,No,Yes
3007190,No,Yes
3007200,No,Yes
3007350,No,Yes
3014150,No,Yes
3007830,No,Yes
3007860,No,Yes
3008130,Yes,Yes
3000003,Yes,No
3008190,Yes,No
3000021,Not in SIAPE,Yes
3008280,No,Yes
3008310,Yes,No
3008730,Yes,Yes
3008860,Yes,Yes
3008850,No,Yes
3009000,No,Yes
3009030,Yes,No
3009120,No,Yes
3009180,No,Yes
3009210,No,Yes
3009330,Yes,Yes
3000102,No,Yes
3009510,Yes,Yes
3009670,Yes,Yes
3009780,No,Yes
3009930,No,Yes
3010080,Yes,Yes
3010140,No,Yes
3010170,No,Yes
3000026,Not in SIAPE,Yes
3010800,Yes,Yes
3011160,No,Yes
3011190,No,Yes
3011240,No,Yes
3011260,No,Yes
3011340,Yes,Yes
3011420,Yes,Yes
3011460,Yes,Yes
3011550,No,Yes
3011580,No,Yes
3011650,No,Yes
3011670,Yes,No
3011730,No,Yes
3011820,No,Yes
3011850,No,Yes
3000034,Not in SIAPE,Yes
3011880,No,Yes
3021480,Yes,No
3012210,No,Yes
3012300,Yes,Yes
3012350,No,Yes
3012570,No,Yes
3012600,Yes,Yes
3000036,Not in SIAPE,Yes
3000037,Not in SIAPE,Yes
3012900,No,Yes
3012960,No,Yes
3012990,No,Yes
3013140,No,Yes
3013200,Yes,Yes
3013310,Yes,No
3013340,Yes,No
3013395,Yes,Yes
3013400,Yes,Yes
3013470,Yes,Yes
3013530,Yes,Yes
3013560,Yes,No
3013280,No,Yes
3013660,Yes,Yes
3000099,Yes,Yes
3013890,Yes,Yes
3014340,Yes,Yes
3014370,No,Yes
3014430,Yes,Yes
3014640,Yes,Yes
3014760,Yes,Yes
3015060,No,Yes
3000039,Not in SIAPE,Yes
3015120,No,Yes
3015340,No,Yes
3000041,Not in SIAPE,Yes
3015360,Yes,Yes
3015390,No,Yes
3015510,Yes,Yes
3007980,No,Yes
3015690,No,Yes
3015990,No,Yes
3016020,No,Yes
3016050,Yes,Yes
3000095,Yes,Yes
3016290,No,Yes
3016530,Yes,No
3000046,Not in SIAPE,Yes
3000093,Yes,Yes
3016710,No,Yes
3016770,No,Yes
3016810,No,Yes
3008400,No,Yes
3017010,Yes,Yes
3017040,Yes,Yes
3017340,Yes,Yes
3017370,No,Yes
3000048,Not in SIAPE,Yes
3017580,No,Yes
3017700,No,Yes
3000049,Not in SIAPE,Yes
3006030,Yes,Yes
3018060,No,Yes
3000050,Not in SIAPE,Yes
3018170,No,Yes
3018210,Yes,Yes
3018240,Yes,Yes
3018270,Yes,Yes
3018290,No,Yes
3021150,Yes,Yes
3000051,Not in SIAPE,Yes
3018870,No,Yes
3018900,No,Yes
3018960,Yes,No
3000004,No,Yes
3000652,Not in SIAPE,Yes
3000054,Not in SIAPE,Yes
3019170,No,Yes
3019310,No,Yes
3000096,Yes,Yes
3000097,No,Yes
3000090,Yes,Yes
3019500,No,Yes
3019530,No,Yes
3019740,Yes,Yes
3019950,Yes,Yes
3020170,No,Yes
3020240,No,Yes
3000057,Not in SIAPE,Yes
3012840,No,Yes
3000058,Not in SIAPE,Yes
3020690,Yes,Yes
3020850,No,Yes
3020880,No,Yes
3013360,Yes,No
3020960,No,Yes
3021000,No,Yes
3021030,Yes,Yes
3021060,No,No
3021090,No,No
3021240,Yes,No
3021270,Yes,No
3000062,Not in SIAPE,Yes
3004860,No,Yes
3000066,Not in SIAPE,Yes
3021720,Yes,No
3021870,No,Yes
3021900,No,Yes
3022080,No,Yes
3022110,No,Yes
3022230,No,Yes
3022260,No,Yes
3022290,No,Yes
3022370,No,Yes
3022410,No,Yes
3022710,No,Yes
3022750,Yes,Yes
3028911,Yes,Yes
3022790,Yes,Yes
3022800,No,Yes
3000070,Not in SIAPE,Yes
3000072,Not in SIAPE,Yes
3022920,Yes,Yes
3011990,No,Yes
3023040,Yes,Yes
3023070,No,Yes
3023160,Yes,Yes
3023340,Yes,Yes
3008040,Yes,Yes
3008010,Yes,Yes
3023370,Yes,Yes
3023400,No,Yes
3012060,No,Yes
3000073,Not in SIAPE,Yes
3023520,No,Yes
3023550,No,Yes
3023670,No,Yes
3023730,Yes,Yes
3023900,Yes,No
3000075,Not in SIAPE,Yes
3024150,No,Yes
3024180,No,Yes
3000022,Not in SIAPE,Yes
3000932,No,Yes
3000933,No,Yes
3024330,No,Yes
3000002,No,Yes
3000007,Yes,Yes
3024690,No,No
3003660,Yes,Yes
3007950,Yes,Yes
3024810,Yes,No
3006110,Yes,No
3024930,Yes,Yes
3024990,No,Yes
3000077,Not in SIAPE,Yes
3000078,Not in SIAPE,Yes
3025320,No,Yes
3025470,No,Yes
3015930,No,Yes
3025500,No,Yes
3025530,Yes,Yes
3000079,Not in SIAPE,Yes
3025560,No,Yes
3025950,No,Yes
3000080,Not in SIAPE,Yes
3026070,Yes,Yes
3026100,No,Yes
3026160,No,Yes
3026190,No,Yes
3004980,No,Yes
3026400,No,Yes
3000082,Not in SIAPE,Yes
3026460,Yes,Yes
3000063,Not in SIAPE,Yes
3026490,No,Yes
3026520,Yes,Yes
3026550,Yes,Yes
3026580,Yes,Yes
3026640,No,Yes
3026670,No,Yes
3026730,No,Yes
3015900,No,Yes
3027060,No,Yes
3027090,No,Yes
3027340,No,Yes
3027630,No,Yes
3027730,No,Yes
3000084,Not in SIAPE,Yes
3028770,No,Yes
3027810,No,Yes
3027840,No,Yes
3027930,No,Yes
3000085,Not in SIAPE,Yes
3028020,No,Yes
3028140,No,Yes
3028170,No,Yes
3028380,Yes,Yes
3028470,Yes,Yes
3028500,Yes,Yes
3010820,Yes,Yes
3028550,Yes,Yes
3028590,Yes,No
3028620,Yes,No
3028800,Yes,Yes
3028830,Yes,Yes
3028910,No,Yes
5900095,Not in SIAPE,No
5900149,Not in SIAPE,Yes
5900189,Not in SIAPE,Yes
5900068,Not in SIAPE,Yes
3817520,Not in SIAPE,Yes
5900067,Not in SIAPE,Yes
5900058,Not in SIAPE,No
5900096,Not in SIAPE,No
5900106,Not in SIAPE,Yes
5900158,Not in SIAPE,Yes
5900025,Not in SIAPE,Yes
5900077,Not in SIAPE,Yes
5900117,Not in SIAPE,Yes
3801760,No,Yes
3801950,No,Yes
3802170,No,Yes
3802240,No,Yes
3800060,No,Yes
3802380,No,Yes
3802530,Yes,Yes
3806210,No,Yes
3802840,No,Yes
3803060,No,Yes
3803090,No,Yes
3803200,No,Yes
3803590,No,Yes
3800053,Not in SIAPE,Yes
3800018,No,Yes
3800040,No,Yes
3805040,No,No
3805160,No,Yes
3800029,No,Yes
3805340,No,Yes
3805460,Yes,Yes
3880260,Not in SIAPE,Yes
3805850,No,Yes
3805950,No,Yes
3800045,Yes,Yes
3806090,No,Yes
3800061,No,Yes
3806690,No,Yes
3800049,No,Yes
3806910,No,Yes
3806930,No,Yes
3800056,No,Yes
3800033,No,Yes
3807170,Yes,No
3807200,Yes,Yes
3800055,Not in SIAPE,Yes
3800043,Yes,Yes
3807590,No,Yes
3807830,No,Yes
3807950,Yes,Yes
3808460,No,Yes
3804560,No,Yes
3880420,Not in SIAPE,Yes
3808610,Yes,Yes
3808710,No,Yes
3808890,No,Yes
3809130,No,Yes
3809180,No,Yes
3809410,No,Yes
3809570,No,Yes
3800404,No,Yes
3809810,No,Yes
3810180,No,Yes
3810260,No,Yes
3800389,No,Yes
3810270,No,Yes
3810500,No,Yes
3810600,No,Yes
3810740,No,Yes
3810810,No,Yes
3810980,No,Yes
3800058,No,Yes
3811140,No,Yes
3800017,No,Yes
3811430,No,Yes
3800057,No,Yes
3811610,No,Yes
3880160,Not in SIAPE,Yes
3811700,Yes,Yes
3811850,No,Yes
3812020,No,Yes
3812120,Yes,Yes
3812350,No,Yes
3800041,No,Yes
3812430,Yes,Yes
3812540,No,Yes
3812660,Yes,Yes
3800042,No,Yes
3812930,No,Yes
3812990,Yes,Yes
3800050,No,Yes
3813230,No,Yes
3800046,No,Yes
3813400,No,Yes
3813440,No,Yes
3813510,Yes,Yes
3813710,No,Yes
3800027,No,Yes
3800059,No,Yes
3813920,No,Yes
3800825,No,Yes
3800054,No,Yes
3814290,No,Yes
3800390,No,Yes
3880180,Not in SIAPE,Yes
3814500,No,Yes
3814520,Yes,Yes
3800401,Not in SIAPE,Yes
3814940,No,Yes
3880480,Not in SIAPE,Yes
3880200,Not in SIAPE,Yes
3800024,No,Yes
3800048,No,Yes
3816050,Yes,Yes
3816090,Yes,Yes
3800395,Not in SIAPE,Yes
3880310,Not in SIAPE,Yes
3816430,No,Yes
3800023,No,Yes
3816510,Yes,Yes
3816980,Yes,Yes
3880340,Not in SIAPE,Yes
3880520,Not in SIAPE,Yes
3880240,Not in SIAPE,Yes
3817460,Yes,Yes
3817570,No,Yes
3817670,No,Yes
3800016,No,Yes
3800047,No,Yes
3800039,No,Yes
3818500,No,Yes
3880250,Not in SIAPE,Yes
3818600,Yes,Yes
3818660,No,Yes
3800397,No,Yes
3817040,No,Yes
3819260,Yes,Yes
3819290,No,Yes
3819470,No,Yes
3819680,No,Yes
3820130,No,Yes
3820190,No,Yes
3820310,No,Yes
3820340,No,Yes
3820400,Yes,Yes
5900070,Not in SIAPE,Yes
5900051,Not in SIAPE,No
5900113,Not in SIAPE,Yes
5900073,Not in SIAPE,Yes
5900118,Not in SIAPE,Yes
5900154,Not in SIAPE,Yes
5900027,Not in SIAPE,Yes
5900173,Not in SIAPE,Yes
5900045,Not in SIAPE,Yes
5900085,Not in SIAPE,Yes
5900055,Not in SIAPE,Yes
5900107,Not in SIAPE,No
5900080,Not in SIAPE,No
5900124,Not in SIAPE,Yes
5900134,Not in SIAPE,Yes
5900181,Not in SIAPE,Yes
5900091,Not in SIAPE,Yes
5900143,Not in SIAPE,Yes
5900129,Not in SIAPE,Yes
5900190,Not in SIAPE,Yes
5900183,Not in SIAPE,Yes
4600042,No,Yes
4600028,No,Yes
4639540,Yes,Yes
4603720,No,Yes
4603780,No,Yes
4604270,Yes,Yes
4606240,Yes,Yes
4606360,No,Yes
4606960,Yes,No
4607050,Yes,Yes
4607400,No,Yes
4607800,No,Yes
4621420,No,Yes
4600041,No,Yes
4609512,No,Yes
4611280,No,Yes
4611760,No,Yes
4612000,Yes,Yes
4612940,No,Yes
4614100,No,Yes
4614130,Yes,No
4680446,Not in SIAPE,Yes
4680445,No,Yes
4617850,No,Yes
4678300,No,Yes
4600036,No,Yes
4619170,No,Yes
4619450,Yes,Yes
4620100,Yes,No
4620850,No,Yes
4634440,No,Yes
4621300,Yes,Yes
4621390,No,Yes
4622410,No,Yes
4622560,No,Yes
4622940,Yes,Yes
4624030,Yes,Yes
4624390,No,Yes
4621400,No,Yes
4625500,No,Yes
4626970,No,Yes
4629880,No,Yes
4600045,No,Yes
4630490,No,Yes
4630800,No,Yes
4602640,No,Yes
4609300,No,Yes
4632340,No,Yes
4632430,No,Yes
4680440,No,Yes
4600046,No,Yes
4634600,No,Yes
4600025,No,Yes
4636060,No,Yes
4680439,No,Yes
4636150,No,Yes
4619580,Yes,Yes
4680437,Yes,Yes
4638220,No,Yes
4639990,No,Yes
4640860,No,Yes
4641520,No,Yes
4641640,No,Yes
4644770,Yes,Yes
4601026,No,Yes
4646260,Yes,Yes
4646380,Yes,Yes
4647100,No,Yes
4647942,No,Yes
4680441,Yes,No
4651730,Not in SIAPE,Yes
4650850,Yes,Yes
4680280,Not in SIAPE,Yes
4651750,No,Yes
4670000,Not in SIAPE,Yes
4652770,No,Yes
4665460,Yes,No
4601027,Yes,No
4654300,No,Yes
4655710,No,Yes
4680438,No,Yes
4660450,No,Yes
4663360,No,Yes
4603932,No,Yes
4665180,No,Yes
4601028,No,Yes
4600053,Yes,Yes
4675600,Yes,No
4607670,Yes,Yes
4680431,Not in SIAPE,Yes
4670140,No,Yes
4600024,Not in SIAPE,Yes
4671880,Yes,Yes
4672090,Yes,Yes
4672450,No,Yes
4674520,No,Yes
4675420,Yes,Yes
4675660,No,Yes
4676680,Yes,Yes
4676990,No,Yes
4677460,No,Yes
4678510,No,Yes
4678570,Yes,Yes
4679350,No,Yes
4600003,Yes,Yes
4679710,Yes,No
4680100,No,Yes
4680190,No,Yes
5900094,Not in SIAPE,Yes
4900180,No,Yes
4900300,No,Yes
4900780,No,Yes
4900840,No,Yes
4900900,Yes,Yes
4901020,Yes,No
4901080,No,No
4900013,Not in SIAPE,No
4901170,No,Yes
5900141,Not in SIAPE,No
5601420,No,Yes
5601460,No,Yes
5603170,No,Yes
5601090,No,Yes
5601700,No,Yes
5602370,No,Yes
5602670,Yes,Yes
5602830,Yes,Yes
5604450,Yes,Yes
5602820,Yes,Yes
5605700,No,Yes
5600960,Yes,No
5604060,No,Yes
5604230,No,Yes
5604380,Yes,Yes
5603180,No,Yes
5605680,No,Yes
5604860,No,Yes
5601260,No,Yes
5604500,No,Yes
5604260,No,Yes
5605820,No,Yes
5606090,No,Yes
6000030,Yes,No
5900102,Not in SIAPE,Yes
5900142,Not in SIAPE,No
5900186,Not in SIAPE,No
5900052,Not in SIAPE,Yes
5900032,Not in SIAPE,Yes
5900065,Not in SIAPE,Yes
5900099,Not in SIAPE,Yes
5900139,Not in SIAPE,Yes
5900145,Not in SIAPE,Yes
5900121,Not in SIAPE,Yes
5900192,Not in SIAPE,No
5900182,Not in SIAPE,Yes
5900133,Not in SIAPE,No
5900165,Not in SIAPE,Yes
5900029,Not in SIAPE,Yes
5900072,Not in SIAPE,Yes
5900131,Not in SIAPE,Yes
5900049,Not in SIAPE,No
5900079,Not in SIAPE,Yes
5900076,Not in SIAPE,Yes
5900180,Not in SIAPE,Yes
5900063,Not in SIAPE,No
5900175,Not in SIAPE,Yes
5900109,Not in SIAPE,Yes
5900110,Not in SIAPE,Yes
5900159,Not in SIAPE,Yes
5900112,Not in SIAPE,Yes
5900148,Not in SIAPE,Yes
5900161,Not in SIAPE,Yes
5900040,Not in SIAPE,No
5900026,Not in SIAPE,Yes
5900043,Not in SIAPE,Yes
5900152,Not in SIAPE,Yes
5900088,Not in SIAPE,Yes
5900035,Not in SIAPE,Yes
5900122,Not in SIAPE,Yes
5900089,Not in SIAPE,Yes
5900171,Not in SIAPE,Yes
5900120,Not in SIAPE,No
5900156,Not in SIAPE,Yes
5900030,Not in SIAPE,Yes
5900086,Not in SIAPE,Yes
5900193,Not in SIAPE,Yes
5900082,Not in SIAPE,Yes
5900128,Not in SIAPE,Yes
5900132,Not in SIAPE,No
5900168,Not in SIAPE,Yes
5900169,Not in SIAPE,Yes
5900170,Not in SIAPE,Yes
5900037,Not in SIAPE,No
5900062,Not in SIAPE,Yes
0400480,Yes,Yes
0400520,Yes,No
0400403,Not in SIAPE,No
0400404,Not in SIAPE,No
0400600,Yes,No
0400630,Yes,Yes
0404770,Yes,No
0400720,Yes,No
0400750,Yes,Yes
0400840,Yes,No
0400870,Yes,Yes
0400910,Yes,Yes
0400785,Not in SIAPE,No
0403950,Yes,Yes
0401000,No,Yes
0401050,Yes,No
0401080,Yes,No
0400212,Yes,No
0401160,Yes,Yes
0401180,Yes,No
0401230,No,Yes
0406580,Yes,No
0401260,No,Yes
0401290,Yes,Yes
0401330,No,Yes
0401500,Yes,No
0401600,Yes,No
0401650,Yes,No
0401680,Yes,No
0401740,No,No
0401810,Yes,Yes
0401920,No,Yes
0401940,Yes,No
0400004,No,No
0400163,Not in SIAPE,No
0400021,Yes,No
0400082,Yes,No
0402190,Yes,Yes
0402220,No,Yes
0402320,No,No
0402400,Yes,No
0402430,Yes,No
0402460,Yes,No
0400339,Not in SIAPE,No
0402490,Yes,Yes
0402530,Yes,No
0402600,No,Yes
0400607,Not in SIAPE,Yes
0400157,Not in SIAPE,No
0400130,Not in SIAPE,No
0402760,Yes,Yes
0402790,Yes,No
0402820,Yes,No
0402860,No,No
0403010,Yes,No
0403200,Yes,Yes
0403040,No,No
0403060,Yes,No
0403080,Yes,No
0403240,Yes,No
0403290,Yes,Yes
0403310,Yes,Yes
0400419,Not in SIAPE,No
0403420,Yes,No
0403500,No,No
0403550,Yes,Yes
0400147,Not in SIAPE,No
0403660,Yes,Yes
0403730,Yes,Yes
0400026,Yes,Yes
0403820,Yes,No
0403900,Yes,Yes
0403960,Yes,No
0404010,Yes,No
0404060,Yes,No
0400295,Yes,No
0404170,Yes,No
0404200,Yes,No
0400099,Not in SIAPE,No
0404410,Yes,No
0404530,Yes,No
0404570,Yes,No
0404720,No,No
0404820,Yes,No
0404860,Yes,No
0404920,No,Yes
0404970,No,No
0405030,Yes,No
0405100,Yes,No
0405190,Yes,No
0405220,Yes,No
0405340,Yes,No
0405400,Yes,No
0405430,Yes,No
0405530,Yes,No
0400612,Not in SIAPE,Yes
0405670,Yes,No
0405730,Yes,Yes
0405820,Yes,No
0400213,Not in SIAPE,No
0408430,Yes,Yes
0405980,Yes,No
0406070,Yes,No
0406120,Yes,Yes
0406150,Yes,Yes
0406300,Yes,No
0406330,Yes,No
0406360,Yes,No
0400420,Not in SIAPE,No
0406440,Yes,No
0406510,Yes,Yes
0400023,Yes,Yes
0406630,Yes,No
0406780,Yes,No
0406850,Yes,Yes
0406870,Yes,Yes
0406930,Yes,No
0407020,Yes,No
0407080,Yes,No
0407130,Yes,No
0407200,Yes,No
0407240,Yes,No
0400005,Yes,Yes
0400047,Not in SIAPE,No
0406960,Yes,No
0407380,Yes,Yes
0407430,Yes,Yes
0406740,Yes,Yes
0407520,Yes,No
0407630,Yes,Yes
0407680,Yes,Yes
0400154,Not in SIAPE,Yes
0407700,Yes,No
0407770,Yes,No
0400801,Not in SIAPE,No
0407820,Yes,No
0407860,Yes,No
0407890,Yes,No
0408020,Yes,No
0408080,Yes,No
0408130,No,No
0400907,Not in SIAPE,No
0408170,Yes,No
0408230,Yes,No
0408310,Yes,No
0408490,Yes,No
0408550,Yes,No
0408600,Yes,No
0405760,Yes,Yes
0408640,Yes,No
0408680,Yes,No
0408800,Yes,No
0408880,Yes,Yes
0408910,Yes,Yes
0400792,Not in SIAPE,No
0400022,Yes,Yes
0409060,Yes,No
0409090,Yes,No
0409120,Yes,Yes
0409160,Yes,No
0409250,Yes,No
0409310,Yes,No
0409360,Yes,No
0409390,Yes,No
0409430,Yes,No
0409460,Yes,No
0409510,Yes,No
0409540,Yes,Yes
0409570,Yes,No
0409600,Yes,No
0409630,Yes,No
0604560,Yes,Yes
5900197,Not in SIAPE,No
5900105,Not in SIAPE,No
0601710,Yes,No
0602543,Not in SIAPE,Yes
0601989,Not in SIAPE,No
0601521,Not in SIAPE,No
0601980,Yes,No
0602010,Yes,No
0602070,Yes,No
0602100,No,No
0602220,Yes,No
0602360,Yes,No
0602370,Yes,No
0602730,Yes,Yes
0602820,Yes,No
0603000,Yes,No
0603090,Yes,Yes
0601325,Not in SIAPE,Yes
0603180,Yes,No
0603270,Yes,No
0603420,Yes,No
0603610,Yes,Yes
0603630,Yes,No
0603690,Yes,No
0603750,Yes,No
0603780,Yes,No
0603840,Yes,No
0601814,Not in SIAPE,No
0604020,Yes,No
0604080,Yes,No
0604230,Yes,No
0604260,Yes,No
0604500,Yes,No
0604860,Yes,Yes
0604890,No,Yes
0691137,Yes,No
0604950,No,Yes
0604980,No,Yes
0600031,Yes,Yes
0605010,Yes,Yes
0601409,No,No
0605190,No,Yes
0605220,Yes,No
0605400,Yes,No
0605490,Yes,No
0601426,No,No
0605700,Yes,No
0605790,Yes,No
0606000,Yes,Yes
0606420,Yes,No
0606510,Yes,Yes
0606540,Yes,No
0606580,Yes,Yes
0606720,Yes,No
0606810,Yes,No
0606900,Yes,No
0606960,No,Yes
0602488,Not in SIAPE,Yes
0606990,Yes,No
0607170,Yes,No
0607260,Yes,Yes
0607410,Yes,No
0600067,Yes,No
0607680,Yes,No
0607770,Yes,No
0607920,Yes,No
0607970,Yes,No
0607980,No,No
0608130,Yes,No
0608520,Yes,No
0608550,Yes,No
0608850,Yes,No
0608880,Yes,No
0609070,Yes,No
0609120,Yes,No
0609240,Yes,Yes
0609330,No,No
0609510,Yes,No
0609620,Yes,No
0609690,Yes,No
0609780,Yes,No
0609810,Yes,No
0610230,Yes,No
0610350,Yes,No
0600009,Yes,Yes
0610680,No,Yes
0610770,Yes,No
0610860,Yes,No
0610890,Yes,No
0600039,Yes,No
0610980,Yes,No
0611100,Yes,Yes
0611130,Yes,No
0600065,Yes,No
0600033,Yes,No
0611430,Yes,Yes
0611550,Yes,No
0611670,Yes,No
0611700,Yes,No
0611760,Yes,No
0611870,No,Yes
0611910,Yes,No
0611940,Yes,No
0601644,Not in SIAPE,Yes
0612030,Yes,No
0612090,Yes,No
0612120,Yes,No
0600026,Yes,No
0612360,Yes,No
0600052,Yes,No
0601423,Yes,No
0613290,Yes,No
0613530,No,No
0600035,Yes,No
0613840,Yes,No
0613860,No,Yes
0614040,Yes,Yes
0614070,Yes,No
0614130,Yes,No
0600011,Yes,No
0601420,Yes,No
0614190,Yes,No
0614250,Yes,No
0614490,Yes,No
0614550,Yes,No
0614940,Yes,No
0614970,Yes,No
0615090,Yes,No
0615480,Yes,No
0691134,Yes,No
0615990,Yes,Yes
0616050,Yes,No
0616080,Yes,No
0616260,Yes,No
0616323,Yes,No
0616470,Yes,No
0616530,Yes,Yes
0616680,Yes,No
0616920,Yes,No
0617220,Yes,No
0617520,Yes,No
0617620,Yes,No
0601752,Not in SIAPE,Yes
0618160,Yes,No
0618270,Yes,Yes
0618390,Yes,No
0601424,Not in SIAPE,Yes
0691011,Not in SIAPE,No
0618690,Yes,No
0618810,No,Yes
0619140,Yes,No
0619110,Yes,No
0619170,No,Yes
0619230,No,Yes
0632340,No,No
0619440,Yes,No
0619490,Yes,No
0619540,Yes,No
0619590,Yes,No
0619620,Yes,No
0619700,Yes,No
0619740,Yes,No
0619860,Yes,No
0619920,Yes,Yes
0619950,Yes,Yes
0620010,Yes,No
0620070,Yes,No
0620760,Yes,No
0620790,No,No
0620850,Yes,No
0620880,Yes,No
0621150,Yes,No
0621210,Yes,No
0642580,Yes,Yes
0621240,Yes,No
0621270,Yes,No
0609665,Yes,Yes
0621400,No,No
0621420,Yes,No
0621480,Yes,No
0621570,Yes,No
0621870,Yes,No
0621900,Yes,No
0621960,Yes,Yes
0622050,Yes,No
0622170,Yes,No
0622320,Yes,No
0622440,No,Yes
0622710,Yes,No
0622740,Yes,No
0623040,Yes,No
0600015,Yes,No
0623160,Yes,No
0623340,Yes,No
0623550,Yes,Yes
0623730,Yes,Yes
0623760,Yes,No
0623820,Yes,No
0691090,Not in SIAPE,Yes
0623940,Yes,Yes
0624090,Yes,No
0600038,Yes,Yes
0624210,Yes,No
0624230,Yes,No
0624390,Yes,No
0624480,Yes,No
0600022,Yes,No
0624600,Yes,No
0624630,Yes,No
0624660,Yes,No
0624690,Yes,No
0624780,Yes,No
0625130,Yes,No
0625190,Yes,No
0625230,Yes,No
0600155,Not in SIAPE,Yes
0625290,Yes,No
0625350,Yes,No
0625380,Yes,No
0625650,Yes,No
0625860,Yes,No
0626100,No,No
0627040,Yes,No
0600018,Yes,Yes
0626190,Yes,No
0626760,Yes,No
0626970,Yes,No
0603030,Yes,No
0627750,Yes,No
0627870,Yes,No
0627900,Yes,No
0628530,Yes,No
0628830,Yes,Yes
0628950,Yes,No
0629100,Yes,No
0629130,Yes,No
0629160,Yes,No
0629190,Yes,Yes
0601467,Not in SIAPE,Yes
0629400,Yes,No
0629430,Yes,No
0629540,Yes,No
0629550,Yes,No
0629580,Yes,No
0629640,Yes,No
0629670,Yes,No
0629770,No,Yes
0629820,Yes,No
0629850,Yes,No
0629910,Yes,No
0602337,Not in SIAPE,Yes
0630090,Yes,No
0630180,Yes,No
0630390,Yes,No
0630520,Yes,No
0630630,Yes,No
0630810,Yes,No
0630840,Yes,No
0630870,Yes,No
0631020,Yes,No
0631050,Yes,No
0631230,No,Yes
0631350,Yes,No
0600064,Yes,No
0631680,Yes,No
0631830,Yes,Yes
0631920,Yes,No
0632250,Yes,No
0632270,Yes,No
0632430,Yes,No
0621450,Yes,No
0632730,Yes,No
0600040,Yes,No
0633210,Yes,No
0633270,Yes,No
0633570,Yes,No
0633720,Yes,Yes
0634050,No,Yes
0634080,Yes,Yes
0634170,Yes,No
0634440,Yes,No
0635070,Yes,No
0635220,Yes,No
0635490,Yes,No
0605580,Yes,No
0635880,No,No
0600159,Yes,Yes
0636210,Yes,No
0636240,Yes,Yes
0636270,Yes,No
0636330,Yes,No
0636360,Yes,No
0636420,No,Yes
0636660,Yes,No
0636810,No,Yes
0636960,Yes,No
0637350,Yes,No
0637470,Yes,Yes
0637590,Yes,Yes
0637620,Yes,No
0637630,Yes,Yes
0637890,Yes,No
0638010,Yes,No
0638040,Yes,No
0638070,Yes,Yes
0638130,Yes,No
0638250,No,No
0638430,Yes,No
0638520,Yes,Yes
0638550,Yes,No
0638700,Yes,No
0638730,Yes,No
0639060,Yes,No
0639180,Yes,No
0639210,Yes,No
0639300,Yes,No
0639600,Yes,No
0639720,Yes,No
0601331,No,Yes
0639750,Yes,Yes
0691044,Not in SIAPE,Yes
0639840,Yes,Yes
0639940,Yes,Yes
0601332,Yes,No
0601442,Yes,No
0640680,No,Yes
0600069,No,No
0641040,Yes,No
0636972,Yes,No
0641130,Yes,No
0641220,Yes,No
0600042,No,No
0641400,Yes,No
0641430,Yes,No
0641460,Yes,No
0601415,Yes,No
0641880,Yes,No
0641980,Yes,No
0642060,Yes,No
0642180,Yes,No
0642210,Yes,No
0642300,Yes,Yes
0642560,Yes,No
0642600,Yes,No
0642630,Yes,No
0642710,Yes,No
0642810,Yes,No
0642900,Yes,No
0642960,Yes,No
0601418,Yes,No
0643170,Yes,No
0602281,Not in SIAPE,Yes
0643380,Yes,No
0643470,Yes,No
6600004,Yes,No
6600002,Yes,No
6600005,Yes,No
6600003,Yes,No
6900002,Yes,No
5900153,Not in SIAPE,Yes
5900061,Not in SIAPE,No
3200030,No,No
3200060,No,No
3200120,No,No
3200150,Yes,Yes
3200180,No,Yes
3200210,No,No
3200240,No,No
3200270,No,Yes
3200330,Yes,No
3200360,Yes,No
3200420,No,Yes
0200050,Yes,Yes
0200010,No,Yes
0200007,No,Yes
0200525,Yes,Yes
0200020,Yes,Yes
0200030,No,Yes
0200730,Yes,Yes
0200800,No,No
0200070,No,Yes
0200060,No,Yes
0200090,No,Yes
0200100,No,Yes
0200770,No,Yes
0200120,No,Yes
0200130,Yes,No
0200270,No,Yes
0200300,Yes,Yes
0200330,Yes,Yes
0200520,Yes,Yes
0200360,Yes,Yes
0200005,Yes,Yes
0200390,No,Yes
0200450,No,Yes
0200760,Yes,Yes
0200485,Yes,Yes
0200001,Yes,Yes
0200003,Yes,Yes
0200540,Yes,Yes
0200610,No,Yes
0200625,Yes,Yes
0200630,No,Yes
0200660,No,Yes
0200670,No,Yes
0200680,Yes,Yes
0200690,No,Yes
0200700,Yes,Yes
0200710,Yes,Yes
0200715,Yes,Yes
0200720,No,Yes
0200780,No,Yes
0200810,No,Yes
0200840,No,Yes
0200775,Yes,Yes
0200862,Yes,No
0200004,Yes,Yes
5900071,Not in SIAPE,Yes
5900097,Not in SIAPE,No
1600150,No,Yes
1600240,No,Yes
1600270,No,No
1600330,No,Yes
1600450,No,No
1600490,No,Yes
1600540,No,Yes
1600570,Yes,Yes
1600630,No,Yes
1600720,No,Yes
1600163,Not in SIAPE,No
1600750,Yes,Yes
1600810,No,Yes
1600840,No,Yes
1600870,Yes,No
1600900,No,Yes
1601170,No,Yes
1601230,No,Yes
1601410,Yes,No
1600192,Not in SIAPE,Yes
1601620,Yes,Yes
1601830,Yes,No
1601900,No,Yes
1600193,Not in SIAPE,Yes
1602030,No,Yes
1602060,No,Yes
1602160,No,Yes
1602280,Yes,No
1602400,No,Yes
1602430,No,Yes
1602490,No,Yes
1602580,Yes,No
1602610,No,Yes
1600815,No,No
1602700,No,Yes
1602730,Yes,Yes
1602760,No,Yes
1602820,No,Yes
1600138,Yes,Yes
1602940,No,Yes
1603030,No,Yes
1603120,No,Yes
1603180,No,Yes
1603210,No,Yes
1603270,No,Yes
1603300,Yes,No
1603400,No,Yes
1600010,No,Yes
5900164,Not in SIAPE,No
4107880,Yes,No
4100990,No,Yes
4101350,Yes,No
4101470,No,Yes
4101500,No,Yes
4101590,No,Yes
4101660,No,No
4101800,Yes,No
4102190,No,Yes
4101740,No,Yes
4102610,No,Yes
4105760,Yes,No
4103330,No,Yes
4103660,Yes,No
4103540,No,Yes
4104020,Yes,Yes
4104170,No,Yes
4104290,No,Yes
4103960,Yes,No
4104380,Yes,Yes
4104590,Yes,Yes
4104620,No,Yes
4105080,No,Yes
4105250,Yes,Yes
4105310,No,Yes
4105640,Yes,No
4105670,No,Yes
4100027,Not in SIAPE,Yes
4102490,Yes,No
4103600,Yes,No
4103630,No,Yes
4106120,Yes,Yes
4106600,Yes,Yes
4100047,No,Yes
4106740,Yes,No
4106750,No,Yes
4106780,No,Yes
4106820,No,Yes
4106870,No,Yes
4106960,No,Yes
4107020,Yes,No
4107080,Yes,No
4107530,Yes,Yes
4100042,Not in SIAPE,Yes
4100034,Not in SIAPE,Yes
4107710,Yes,Yes
4107980,Yes,No
4108280,Yes,No
4108460,Yes,Yes
4100640,Yes,No
4108650,Yes,No
4108700,Yes,Yes
4108820,Yes,No
4100026,Not in SIAPE,Yes
4104350,Yes,Yes
4111400,Yes,Yes
4108940,Yes,Yes
4109120,Yes,No
4109150,Yes,No
4109270,Yes,No
4109430,No,Yes
4109510,No,No
4109690,Yes,Yes
4109720,No,Yes
4109960,No,Yes
4110020,Yes,Yes
4110080,Yes,Yes
4110110,No,Yes
4110200,Yes,No
4110410,Yes,No
4100038,Not in SIAPE,Yes
4110530,Yes,No
4108100,Yes,No
4111250,No,Yes
4105020,No,Yes
4111610,Yes,No
4100021,Yes,Yes
4111640,Yes,Yes
4111910,No,Yes
4106900,Yes,No
4112360,Yes,Yes
4112540,No,Yes
4112690,Yes,Yes
4100014,No,Yes
4112990,No,Yes
4113350,No,No
4113490,Yes,No
4113650,Yes,Yes
5900036,Not in SIAPE,No
5900176,Not in SIAPE,No
5900115,Not in SIAPE,No
5900047,Not in SIAPE,No
5900083,Not in SIAPE,No
5900127,Not in SIAPE,Yes
5900185,Not in SIAPE,No
5900057,Not in SIAPE,No
5300030,Yes,No
5300090,No,Yes
5300300,No,No
5300450,No,Yes
5300510,No,Yes
5300690,No,Yes
5300720,Yes,Yes
5300750,Yes,No
5300840,Yes,Yes
5301260,Yes,Yes
5301320,Yes,No
5301560,Yes,Yes
5301660,Yes,No
5303440,No,Yes
5301830,No,Yes
5301860,No,Yes
5301890,Yes,Yes
5301920,Yes,Yes
5302520,Yes,Yes
5302730,Yes,Yes
5302850,No,No
5303000,No,Yes
5303030,Yes,Yes
5303090,Yes,No
5303130,No,Yes
5303180,Yes,No
5303270,Yes,No
5303360,No,Yes
5303600,No,No
5303660,Yes,No
5300002,Yes,Yes
5303780,Yes,Yes
5303870,Yes,Yes
5304080,No,Yes
5304110,Yes,No
5304150,No,Yes
5307050,Yes,Yes
5304290,Yes,Yes
5304410,Yes,Yes
5304650,Yes,No
5304710,Yes,Yes
5304830,Yes,No
5304860,No,No
5305020,No,Yes
5305190,No,Yes
5305250,No,Yes
5305280,Yes,No
5305520,No,Yes
5305550,Yes,Yes
5305610,Yes,No
5305670,No,No
5305700,Yes,No
5305760,No,No
5305820,No,Yes
5305880,Yes,Yes
5305970,No,Yes
5306000,No,No
5306090,Yes,No
5306120,No,Yes
5306150,No,No
5306220,Yes,No
5306270,Yes,Yes
5306360,Yes,Yes
5306420,Yes,Yes
5306510,Yes,No
5306540,No,Yes
5306600,No,Yes
5306660,No,Yes
5306820,No,No
5301380,Yes,Yes
5307020,Yes,No
5307260,Yes,Yes
5307380,No,Yes
5307530,Yes,Yes
5307620,No,Yes
5307650,No,Yes
5307800,Yes,Yes
5308280,No,Yes
5308310,No,Yes
5308400,Yes,Yes
5308430,No,Yes
5308580,Yes,Yes
5308670,Yes,No
5300328,Not in SIAPE,No
5308730,Yes,Yes
5308790,No,Yes
5308940,Yes,Yes
5308970,Yes,No
5309060,Yes,Yes
5308130,Yes,No
5309240,Yes,Yes
5309480,Yes,No
5309570,No,Yes
5309630,Yes,No
5309750,Yes,Yes
5309840,No,Yes
5309900,No,Yes
5310020,Yes,No
5310110,Yes,No
5310140,No,No
